stream,date,release_time,width_m,reach_m,added_mass_NaCl_g,added_mass_NH4Cl_g,molar_mass_NH4Cl_nutrient,SpC_uScm_bck,nh4_n_ugL_bck,curve_limb,sample_btc,time_along_btc,time_since_addition_s,time_to_peak_s,SpC_uScm,corr_SpC_uScm,NaCl_mgL,NaCl_flux_mgs_L,measured_NH4_N_ug_L,bck_corrected_N_ug_L,N_flux_mg,expected_N_ug_L
CB,20230907,13:55:00,7.5,162,7632,195,53.491,365,33.03,rising,4,14:19:35,1295,1835,366.9,1.8,0.846,101.52,56.882,23.852,1023.2612,5.6614
CB,20230907,13:55:00,7.5,162,7632,195,53.491,365,33.03,rising,17,14:21:35,1415,1835,373.6,8.5,3.995,399.5,63.7144,30.6844,1540.0584,26.7344
CB,20230907,13:55:00,7.5,162,7632,195,53.491,365,33.03,rising,9,14:23:15,1515,1835,385.7,20.6,9.682,774.56,95.4732,62.4432,2097.4514,64.7916
CB,20230907,13:55:00,7.5,162,7632,195,53.491,365,33.03,rising,7,14:24:35,1595,1835,393.4,28.3,13.301,1596.12,124.4503,91.4203,4241.5166,89.0098
CB,20230907,13:55:00,7.5,162,7632,195,53.491,365,33.03,rising,2,14:26:35,1715,1835,400.8,35.7,16.779,2013.48,146.722,113.692,4863.2137,112.2845
CB,20230907,13:55:00,7.5,162,7632,195,53.491,365,33.03,peak,23,14:28:35,1835,1835,401.9,36.8,17.296,3113.28,153.5383,120.5083,7207.0069,115.7442
CB,20230907,13:55:00,7.5,162,7632,195,53.491,365,33.03,falling,26,14:31:35,2015,1835,397.8,32.7,15.369,3150.645,143.9829,110.9529,6892.5999,102.8488
CB,20230907,13:55:00,7.5,162,7632,195,53.491,365,33.03,falling,21,14:35:00,2220,1835,391,25.9,12.173,2921.52,117.5125,84.4825,6303.8572,81.4613
CB,20230907,13:55:00,7.5,162,7632,195,53.491,365,33.03,falling,16,14:39:00,2460,1835,383.9,18.8,8.836,3180.96,102.6801,69.6501,6646.6776,59.1302
CB,20230907,13:55:00,7.5,162,7632,195,53.491,365,33.03,falling,19,14:45:00,2820,1835,375.8,10.7,5.029,2413.92,73.7016,40.6716,4162.3105,33.6539
CB,20230907,13:55:00,7.5,162,7632,195,53.491,365,33.03,falling,6,14:53:00,3300,1835,369.9,4.8,2.256,1759.68,47.705,14.675,2038.9789,15.0971
CB,20230907,13:55:00,7.5,162,7632,195,53.491,365,33.03,falling,25,15:06:00,4080,1835,366.7,1.6,0.752,0,39.6919,6.6619,0,5.0324
CB,20231008,10:40:00,7.5,162,8275,182,53.491,368.3,6.127,rising,3,11:04:40,1480,2000,369.4,1.1,0.518,20.706,17.848,11.594,140.653,2.982
CB,20231008,10:40:00,7.5,162,8275,182,53.491,368.3,6.127,rising,4,11:05:20,1520,2000,370.3,2,0.941,37.648,15.698,9.444,121.659,5.422
CB,20231008,10:40:00,7.5,162,8275,182,53.491,368.3,6.127,rising,5,11:06:00,1560,2000,370.5,2.2,1.035,31.06,15.007,8.753,109.471,5.964
CB,20231008,10:40:00,7.5,162,8275,182,53.491,368.3,6.127,rising,6,11:06:30,1590,2000,373.1,4.8,2.259,45.178,19.333,13.079,73.349,13.012
CB,20231008,10:40:00,7.5,162,8275,182,53.491,368.3,6.127,rising,7,11:06:50,1610,2000,372.1,3.8,1.788,17.883,15.117,8.863,47.079,10.301
CB,20231008,10:40:00,7.5,162,8275,182,53.491,368.3,6.127,rising,8,11:07:00,1620,2000,376.6,8.3,3.906,78.12,25.558,19.305,127.37,22.5
CB,20231008,10:40:00,7.5,162,8275,182,53.491,368.3,6.127,rising,9,11:07:20,1640,2000,378.5,10.2,4.8,240.006,25.052,18.799,471.493,27.651
CB,20231008,10:40:00,7.5,162,8275,182,53.491,368.3,6.127,rising,10,11:08:10,1690,2000,390,21.7,10.212,306.361,43.875,37.621,350.921,58.826
CB,20231008,10:40:00,7.5,162,8275,182,53.491,368.3,6.127,rising,11,11:08:40,1720,2000,394.2,25.9,12.189,365.656,38.619,32.365,392.812,70.212
CB,20231008,10:40:00,7.5,162,8275,182,53.491,368.3,6.127,rising,12,11:09:10,1750,2000,398.3,30,14.118,423.54,52.229,45.976,456.992,81.327
CB,20231008,10:40:00,7.5,162,8275,182,53.491,368.3,6.127,rising,13,11:09:40,1780,2000,393.5,25.2,11.859,355.774,51.418,45.165,530.046,68.315
CB,20231008,10:40:00,7.5,162,8275,182,53.491,368.3,6.127,rising,14,11:10:10,1810,2000,405.5,37.2,17.506,525.19,66.799,60.545,623.707,100.845
CB,20231008,10:40:00,7.5,162,8275,182,53.491,368.3,6.127,rising,15,11:10:40,1840,2000,395,26.7,12.565,502.601,70.098,63.844,907.045,72.381
CB,20231008,10:40:00,7.5,162,8275,182,53.491,368.3,6.127,rising,16,11:11:20,1880,2000,414,45.7,21.506,1290.385,78.082,71.829,1381.7,123.888
CB,20231008,10:40:00,7.5,162,8275,182,53.491,368.3,6.127,rising,17,11:12:20,1940,2000,415.7,47.4,22.306,1338.386,72.205,65.952,1419.476,128.496
CB,20231008,10:40:00,7.5,162,8275,182,53.491,368.3,6.127,peak,18,11:13:20,2000,2000,417.5,49.2,23.154,1389.211,81.849,75.596,1532.593,133.376
CB,20231008,10:40:00,7.5,162,8275,182,53.491,368.3,6.127,falling,19,11:14:20,2060,2000,416,47.7,22.448,1346.857,83.485,77.231,1434.122,129.31
CB,20231008,10:40:00,7.5,162,8275,182,53.491,368.3,6.127,falling,20,11:15:20,2120,2000,412.1,43.8,20.612,1236.737,72.03,65.776,1241.192,118.737
CB,20231008,10:40:00,7.5,162,8275,182,53.491,368.3,6.127,falling,21,11:16:20,2180,2000,411.5,43.2,20.33,1219.795,64.246,57.993,1152.929,117.111
CB,20231008,10:40:00,7.5,162,8275,182,53.491,368.3,6.127,falling,22,11:17:20,2240,2000,408.4,40.1,18.871,3396.791,63.228,56.975,2903.972,108.707
CB,20231008,10:40:00,7.5,162,8275,182,53.491,368.3,6.127,falling,23,11:20:20,2420,2000,400.5,32.2,15.153,2727.598,45.805,39.551,1900.289,87.291
CB,20231008,10:40:00,7.5,162,8275,182,53.491,368.3,6.127,falling,24,11:23:20,2600,2000,390.5,22.2,10.447,1880.518,29.867,23.613,1248.083,60.182
CB,20231008,10:40:00,7.5,162,8275,182,53.491,368.3,6.127,falling,25,11:26:20,2780,2000,385.3,17,8,1920.048,24.126,17.872,1218.401,46.085
CB,20231008,10:40:00,7.5,162,8275,182,53.491,368.3,6.127,falling,26,11:30:20,3020,2000,379.5,11.2,5.271,1581.216,18.755,12.502,1281.721,30.362
CB,20231008,10:40:00,7.5,162,8275,182,53.491,368.3,6.127,falling,27,11:35:20,3320,2000,376,7.7,3.624,1087.086,19.314,13.06,794.978,20.874
CB,20231008,10:40:00,7.5,162,8275,182,53.491,368.3,6.127,falling,28,11:40:20,3620,2000,372.6,4.3,2.024,607.074,9.048,2.795,478.786,11.657
CB,20231008,10:40:00,7.5,162,8275,182,53.491,368.3,6.127,falling,29,11:45:20,3920,2000,370.9,2.6,1.224,367.068,13.008,6.754,204.868,7.048
CB,20231008,10:40:00,7.5,162,8275,182,53.491,368.3,6.127,falling,30,11:50:20,4220,2000,369.8,1.5,0.706,416.481,3.585,-2.668,147.109,4.066
CB,20231008,10:40:00,7.5,162,8275,182,53.491,368.3,6.127,falling,31,12:00:10,4810,2000,369.2,0.9,0.424,0,10.414,4.16,0,2.44
CC,20231006,13:06:00,3.1,184,3990,102,53.491,336.5,1.89,rising,1,13:23:00,1020,1260,339.9,2.8,1.32,79.06,4.5,2.61,290.22,7.9
CC,20231006,13:06:00,3.1,184,3990,102,53.491,336.5,1.89,rising,3,13:24:00,1080,1260,350,12.9,6.07,364.24,47.57,45.68,1352.08,36.39
CC,20231006,13:06:00,3.1,184,3990,102,53.491,336.5,1.89,rising,4,13:25:00,1140,1260,387.1,50,23.53,1411.8,181.19,179.3,2610.55,141.06
CC,20231006,13:06:00,3.1,184,3990,102,53.491,336.5,1.89,rising,5,13:26:00,1200,1260,408.2,71.1,33.46,1338.39,256.96,255.07,1875.07,200.59
CC,20231006,13:06:00,3.1,184,3990,102,53.491,336.5,1.89,rising,6,13:26:40,1240,1260,427.5,90.4,42.54,850.84,214.81,212.92,775.03,255.04
CC,20231006,13:06:00,3.1,184,3990,102,53.491,336.5,1.89,peak,7,13:27:00,1260,1260,429.4,92.3,43.44,2606.18,175.85,173.96,2209.32,260.4
CC,20231006,13:06:00,3.1,184,3990,102,53.491,336.5,1.89,peak,8,13:28:00,1320,1260,427.3,90.2,42.45,2546.89,195.54,193.65,2042.26,254.47
CC,20231006,13:06:00,3.1,184,3990,102,53.491,336.5,1.89,falling,9,13:29:00,1380,1260,412.3,75.2,35.39,4246.69,148.05,146.16,3180.71,212.15
CC,20231006,13:06:00,3.1,184,3990,102,53.491,336.5,1.89,falling,10,13:31:00,1500,1260,400.7,63.6,29.93,3591.62,120.35,118.46,2219.45,179.43
CC,20231006,13:06:00,3.1,184,3990,102,53.491,336.5,1.89,falling,11,13:33:00,1620,1260,376,38.9,18.31,1098.38,68.07,66.18,758.59,109.74
CC,20231006,13:06:00,3.1,184,3990,102,53.491,336.5,1.89,falling,12,13:34:00,1680,1260,367.5,30.4,14.31,858.37,61.93,60.04,543.67,85.76
CC,20231006,13:06:00,3.1,184,3990,102,53.491,336.5,1.89,falling,13,13:35:00,1740,1260,361.7,24.6,11.58,694.61,32.31,30.42,378.89,69.4
CC,20231006,13:06:00,3.1,184,3990,102,53.491,336.5,1.89,falling,14,13:36:00,1800,1260,358.5,21.4,10.07,604.25,34.51,32.62,316,60.37
CC,20231006,13:06:00,3.1,184,3990,102,53.491,336.5,1.89,falling,15,13:37:00,1860,1260,353.4,16.3,7.67,460.25,21.85,19.96,198.49,45.99
CC,20231006,13:06:00,3.1,184,3990,102,53.491,336.5,1.89,falling,16,13:38:00,1920,1260,348.4,11.3,5.32,319.07,14.96,13.07,136.11,31.88
CC,20231006,13:06:00,3.1,184,3990,102,53.491,336.5,1.89,falling,17,13:39:00,1980,1260,346.2,9.1,4.28,256.95,11.47,9.58,70.87,25.67
CC,20231006,13:06:00,3.1,184,3990,102,53.491,336.5,1.89,falling,18,13:40:00,2040,1260,344.5,7.4,3.48,417.89,4.1,2.21,50.29,20.88
CC,20231006,13:06:00,3.1,184,3990,102,53.491,336.5,1.89,falling,19,13:42:00,2160,1260,341.7,4.6,2.16,422.13,3.86,1.97,17.03,12.98
CC,20231006,13:06:00,3.1,184,3990,102,53.491,336.5,1.89,falling,20,13:45:15,2355,1260,339.3,2.2,1.04,295.07,0.79,-1.1,-74.75,6.21
CC,20231006,13:06:00,3.1,184,3990,102,53.491,336.5,1.89,falling,21,13:50:00,2640,1260,337.3,0.2,0.09,0,0.37,-1.52,0,0.56
CD,20231009,11:24:00,9.2,71,1755,46,53.491,416.6,4.46,rising,3,11:37:20,800,1330,417.2,0.6,0.28,11.29,6.38,3.98,6.97,1.94
CD,20231009,11:24:00,9.2,71,1755,46,53.491,416.6,4.46,rising,4,11:38:00,840,1330,417.4,0.8,0.38,15.06,8.79,6.39,15.57,2.58
CD,20231009,11:24:00,9.2,71,1755,46,53.491,416.6,4.46,rising,5,11:38:40,880,1330,418.1,1.5,0.71,28.24,19.17,16.77,26.99,4.85
CD,20231009,11:24:00,9.2,71,1755,46,53.491,416.6,4.46,rising,6,11:39:20,920,1330,418.6,2,0.94,37.65,25.77,23.37,28.9,6.46
CD,20231009,11:24:00,9.2,71,1755,46,53.491,416.6,4.46,rising,7,11:40:00,960,1330,421.5,4.9,2.31,92.24,22,19.6,48.61,15.83
CD,20231009,11:24:00,9.2,71,1755,46,53.491,416.6,4.46,rising,8,11:40:40,1000,1330,433.3,16.7,7.86,235.77,55.07,52.67,52.91,53.95
CD,20231009,11:24:00,9.2,71,1755,46,53.491,416.6,4.46,rising,9,11:41:10,1030,1330,440.7,24.1,11.34,340.24,54.61,52.21,53.76,77.86
CD,20231009,11:24:00,9.2,71,1755,46,53.491,416.6,4.46,rising,10,11:41:40,1060,1330,444,27.4,12.89,386.83,56.75,54.35,63.03,88.52
CD,20231009,11:24:00,9.2,71,1755,46,53.491,416.6,4.46,rising,11,11:42:10,1090,1330,451.6,35,16.47,494.13,72.99,70.59,40.93,113.07
CD,20231009,11:24:00,9.2,71,1755,46,53.491,416.6,4.46,rising,12,11:42:40,1120,1330,456,39.4,18.54,556.25,12.95,10.55,39.52,127.29
CD,20231009,11:24:00,9.2,71,1755,46,53.491,416.6,4.46,rising,13,11:43:10,1150,1330,462.3,45.7,21.51,645.19,70.18,67.78,76.8,147.64
CD,20231009,11:24:00,9.2,71,1755,46,53.491,416.6,4.46,rising,14,11:43:40,1180,1330,463.8,47.2,22.21,666.37,86.85,84.45,100.56,152.49
CD,20231009,11:24:00,9.2,71,1755,46,53.491,416.6,4.46,rising,15,11:44:10,1210,1330,472.7,56.1,26.4,1584.04,117.27,114.87,209.29,181.24
CD,20231009,11:24:00,9.2,71,1755,46,53.491,416.6,4.46,rising,16,11:45:10,1270,1330,476.2,59.6,28.05,1682.87,94.96,92.56,198.44,192.55
CD,20231009,11:24:00,9.2,71,1755,46,53.491,416.6,4.46,peak,17,11:46:10,1330,1330,479.6,63,29.65,1778.87,106.52,104.12,203.03,203.53
CD,20231009,11:24:00,9.2,71,1755,46,53.491,416.6,4.46,peak,18,11:47:10,1390,1330,479.6,63,29.65,1778.87,99.51,97.11,188.66,203.53
CD,20231009,11:24:00,9.2,71,1755,46,53.491,416.6,4.46,falling,19,11:48:10,1450,1330,477.5,60.9,28.66,1719.57,92.27,89.87,182.14,196.75
CD,20231009,11:24:00,9.2,71,1755,46,53.491,416.6,4.46,falling,20,11:49:10,1510,1330,476.2,59.6,28.05,1682.87,93.05,90.65,168.03,192.55
CD,20231009,11:24:00,9.2,71,1755,46,53.491,416.6,4.46,falling,21,11:50:10,1570,1330,474.9,58.3,27.44,1371.8,78.3,75.9,144.94,188.35
CD,20231009,11:24:00,9.2,71,1755,46,53.491,416.6,4.46,falling,22,11:51:00,1620,1330,473.6,57,26.82,1877.69,98.89,96.49,155.11,184.15
CD,20231009,11:24:00,9.2,71,1755,46,53.491,416.6,4.46,falling,23,11:52:10,1690,1330,472.6,56,26.35,3162.43,37.68,35.28,165.73,180.92
CD,20231009,11:24:00,9.2,71,1755,46,53.491,416.6,4.46,falling,24,11:54:10,1810,1330,468,51.4,24.19,7256.65,49.25,46.85,524.64,166.06
CD,20231009,11:24:00,9.2,71,1755,46,53.491,416.6,4.46,falling,25,11:59:10,2110,1330,454.9,38.3,18.02,5407.19,59.55,57.15,503.27,123.73
CD,20231009,11:24:00,9.2,71,1755,46,53.491,416.6,4.46,falling,26,12:04:10,2410,1330,447.1,30.5,14.35,4305.99,45.01,42.61,427.63,98.53
CD,20231009,11:24:00,9.2,71,1755,46,53.491,416.6,4.46,falling,27,12:09:10,2710,1330,439.1,22.5,10.59,3176.55,44.55,42.15,509.4,72.69
CD,20231009,11:24:00,9.2,71,1755,46,53.491,416.6,4.46,falling,28,12:14:10,3010,1330,435,18.4,8.66,2597.71,61.22,58.82,403.45,59.44
CD,20231009,11:24:00,9.2,71,1755,46,53.491,416.6,4.46,falling,29,12:19:10,3310,1330,430.2,13.6,6.4,1920.05,23.55,21.15,190.37,43.94
CD,20231009,11:24:00,9.2,71,1755,46,53.491,416.6,4.46,falling,30,12:24:10,3610,1330,426.1,9.5,4.47,1363.56,18.98,16.58,178.78,30.69
CD,20231009,11:24:00,9.2,71,1755,46,53.491,416.6,4.46,falling,31,12:29:15,3915,1330,423.3,6.7,3.15,6006.5,20.67,18.27,0,21.65
CD,20231009,11:24:00,9.2,71,1755,46,53.491,416.6,4.46,falling,32,13:01:00,5820,1330,417.5,0.9,0.42,0,7.44,5.04,0,2.91
RA,20230906,15:45:00,9.46,145,6240,149,53.491,468.5,9.29,rising,4,16:26:00,2460,3720,466.4,0.4,0.19,45.18,53.0417,44.62,2336.32,1.18
RA,20230906,15:45:00,9.46,145,6240,149,53.491,468.5,9.29,rising,6,16:30:00,2700,3720,476.1,10.1,4.75,1425.92,53.9177,51.98,2478.97,29.73
RA,20230906,15:45:00,9.46,145,6240,149,53.491,468.5,9.29,rising,7,16:35:00,3000,3720,478,12,5.65,338.83,61.2691,30.02,311.09,35.32
RA,20230906,15:45:00,9.46,145,6240,149,53.491,468.5,9.29,rising,8,16:36:00,3060,3720,481,15,7.06,423.54,39.3163,21.43,313.47,44.15
RA,20230906,15:45:00,9.46,145,6240,149,53.491,468.5,9.29,rising,9,16:37:00,3120,3720,483,17,8,480.01,30.721,30.42,476.52,50.03
RA,20230906,15:45:00,9.46,145,6240,149,53.491,468.5,9.29,rising,10,16:38:00,3180,3720,485,19,8.94,536.48,39.7106,48.39,624.96,55.92
RA,20230906,15:45:00,9.46,145,6240,149,53.491,468.5,9.29,rising,11,16:39:00,3240,3720,487,21,9.88,592.96,57.6877,54.97,707.19,61.81
RA,20230906,15:45:00,9.46,145,6240,149,53.491,468.5,9.29,rising,12,16:40:00,3300,3720,488,22,10.35,621.19,64.2605,61.99,650.34,64.75
RA,20230906,15:45:00,9.46,145,6240,149,53.491,468.5,9.29,rising,13,16:41:00,3360,3720,488.9,22.9,10.78,646.6,71.2873,45.56,722.21,67.4
RA,20230906,15:45:00,9.46,145,6240,149,53.491,468.5,9.29,rising,14,16:42:00,3420,3720,489,23,10.82,649.43,54.8577,73.88,868.66,67.69
RA,20230906,15:45:00,9.46,145,6240,149,53.491,468.5,9.29,rising,15,16:43:00,3480,3720,489,23,10.82,649.43,83.1739,69.79,755.37,67.69
RA,20230906,15:45:00,9.46,145,6240,149,53.491,468.5,9.29,rising,16,16:44:00,3540,3720,490,24,11.29,677.66,79.0798,55.14,715.69,70.64
RA,20230906,15:45:00,9.46,145,6240,149,53.491,468.5,9.29,peak,17,16:45:00,3600,3720,490,24,11.29,677.66,64.4358,63.22,977.83,70.64
RA,20230906,15:45:00,9.46,145,6240,149,53.491,468.5,9.29,peak,18,16:46:00,3660,3720,490,24,11.29,677.66,72.5173,98.5,992.82,70.64
RA,20230906,15:45:00,9.46,145,6240,149,53.491,468.5,9.29,peak,19,16:47:00,3720,3720,490,24,11.29,1355.33,107.7916,65.7,1524.64,70.64
RA,20230906,15:45:00,9.46,145,6240,149,53.491,468.5,9.29,peak,20,16:49:00,3840,3720,489,23,10.82,649.43,74.9968,60.38,720.72,67.69
RA,20230906,15:45:00,9.46,145,6240,149,53.491,468.5,9.29,peak,21,16:50:00,3900,3720,489,23,10.82,649.43,69.6688,58.82,716.25,67.69
RA,20230906,15:45:00,9.46,145,6240,149,53.491,468.5,9.29,falling,22,16:51:00,3960,3720,487,21,9.88,1778.87,68.1174,59.64,2210.56,61.81
RA,20230906,15:45:00,9.46,145,6240,149,53.491,468.5,9.29,falling,23,16:54:00,4140,3720,487,21,9.88,592.96,68.9293,62.23,641.92,61.81
RA,20230906,15:45:00,9.46,145,6240,149,53.491,468.5,9.29,falling,24,16:55:00,4200,3720,487,21,9.88,1778.87,71.5244,43.93,1775.04,61.81
RA,20230906,15:45:00,9.46,145,6240,149,53.491,468.5,9.29,falling,25,16:58:00,4380,3720,484,18,8.47,3049.49,53.2282,53.92,3512.94,52.98
RA,20230906,15:45:00,9.46,145,6240,149,53.491,468.5,9.29,falling,26,17:04:00,4740,3720,483,17,8,3840.1,63.2155,42.91,3982.72,50.03
RA,20230906,15:45:00,9.46,145,6240,149,53.491,468.5,9.29,falling,27,17:12:00,5220,3720,481.6,15.6,7.34,1321.44,52.2045,39.43,1273.48,45.91
RA,20230906,15:45:00,9.46,145,6240,149,53.491,468.5,9.29,falling,28,17:15:00,5400,3720,480,14,6.59,1185.91,48.7193,30.78,1243.64,41.2
RA,20230906,15:45:00,9.46,145,6240,149,53.491,468.5,9.29,falling,29,17:18:00,5580,3720,479.2,13.2,6.21,745.43,40.0739,37.78,910.67,38.85
RA,20230906,15:45:00,9.46,145,6240,149,53.491,468.5,9.29,falling,30,17:20:00,5700,3720,478,12,5.65,677.66,47.0743,37.53,846.7,35.32
RA,20230906,15:45:00,9.46,145,6240,149,53.491,468.5,9.29,falling,31,17:22:00,5820,3720,478.3,12.3,5.79,347.3,46.8195,32.49,360.63,36.2
RA,20230906,15:45:00,9.46,145,6240,149,53.491,468.5,9.29,falling,32,17:23:00,5880,3720,476.9,10.9,5.13,1538.86,41.7844,27.15,1641.76,32.08
RA,20230906,15:45:00,9.46,145,6240,149,53.491,468.5,9.29,falling,33,17:28:00,6180,3720,475.6,9.6,4.52,0,36.4462,27.15,0,28.25
RA,20231005,12:15:00,9.46,154,5947,149,53.491,460.7,9.82,rising,4,13:11:00,3360,6900,467.3,6.6,3.11,372.72,5.75,1.89,150.77,21.07
RA,20231005,12:15:00,9.46,154,5947,149,53.491,460.7,9.82,rising,5,13:13:00,3480,6900,468.1,7.4,3.48,1462.62,14.73,10.87,649.04,23.62
RA,20231005,12:15:00,9.46,154,5947,149,53.491,460.7,9.82,rising,6,13:20:00,3900,6900,470,9.3,4.38,1050.38,8.68,4.82,413.1,29.68
RA,20231005,12:15:00,9.46,154,5947,149,53.491,460.7,9.82,rising,7,13:24:00,4140,6900,471,10.3,4.85,581.66,16.52,12.66,171.91,32.88
RA,20231005,12:15:00,9.46,154,5947,149,53.491,460.7,9.82,rising,8,13:26:00,4260,6900,472,11.3,5.32,957.2,5.75,1.89,469.31,36.07
RA,20231005,12:15:00,9.46,154,5947,149,53.491,460.7,9.82,rising,9,13:29:00,4440,6900,473,12.3,5.79,694.61,28.45,24.59,567.61,39.26
RA,20231005,12:15:00,9.46,154,5947,149,53.491,460.7,9.82,rising,10,13:31:00,4560,6900,475,14.3,6.73,403.77,27.31,23.45,250.35,45.64
RA,20231005,12:15:00,9.46,154,5947,149,53.491,460.7,9.82,rising,11,13:32:00,4620,6900,475,14.3,6.73,1211.32,22.79,18.93,847.7,45.64
RA,20231005,12:15:00,9.46,154,5947,149,53.491,460.7,9.82,rising,12,13:35:00,4800,6900,476,15.3,7.2,3024.08,32.77,28.91,1859.01,48.84
RA,20231005,12:15:00,9.46,154,5947,149,53.491,460.7,9.82,peak,13,13:42:00,5220,6900,477,16.3,7.67,9204.94,19.91,16.05,3427.32,52.03
RA,20231005,12:15:00,9.46,154,5947,149,53.491,460.7,9.82,falling,14,14:02:00,6420,6900,474,13.3,6.26,751.08,16.82,12.96,458.93,42.45
RA,20231005,12:15:00,9.46,154,5947,149,53.491,460.7,9.82,falling,15,14:04:00,6540,6900,473,12.3,5.79,694.61,29.75,25.89,510.54,39.26
RA,20231005,12:15:00,9.46,154,5947,149,53.491,460.7,9.82,falling,16,14:06:00,6660,6900,472,11.3,5.32,638.13,21.19,17.33,432.27,36.07
RA,20231005,12:15:00,9.46,154,5947,149,53.491,460.7,9.82,falling,17,14:08:00,6780,6900,471,10.3,4.85,581.66,23.12,19.26,414.09,32.88
RA,20231005,12:15:00,9.46,154,5947,149,53.491,460.7,9.82,falling,18,14:10:00,6900,6900,470.1,9.4,4.42,530.84,19.65,15.79,425.37,30
RA,20231005,12:15:00,9.46,154,5947,149,53.491,460.7,9.82,falling,19,14:12:00,7020,6900,469.7,9,4.24,1016.5,24.08,20.22,793.24,28.73
RA,20231005,12:15:00,9.46,154,5947,149,53.491,460.7,9.82,falling,20,14:16:00,7260,6900,468.6,7.9,3.72,669.19,17.21,13.35,405.54,25.22
RA,20231005,12:15:00,9.46,154,5947,149,53.491,460.7,9.82,falling,21,14:19:00,7440,6900,468.4,7.7,3.62,434.83,13.39,9.53,204.87,24.58
RA,20231005,12:15:00,9.46,154,5947,149,53.491,460.7,9.82,falling,22,14:21:00,7560,6900,468.1,7.4,3.48,417.89,11.67,7.81,239.2,23.62
RA,20231005,12:15:00,9.46,154,5947,149,53.491,460.7,9.82,falling,23,14:23:00,7680,6900,467.5,6.8,3.2,384.01,16.3,12.44,301.46,21.7
RA,20231005,12:15:00,9.46,154,5947,149,53.491,460.7,9.82,falling,24,14:25:00,7800,6900,467.1,6.4,3.01,542.13,16.94,13.08,391.95,20.43
RA,20231005,12:15:00,9.46,154,5947,149,53.491,460.7,9.82,falling,25,14:28:00,7980,6900,466.7,6,2.82,338.83,12.9,9.04,216.57,19.15
RA,20231005,12:15:00,9.46,154,5947,149,53.491,460.7,9.82,falling,26,14:30:00,8100,6900,466.5,5.8,2.73,818.84,13.15,9.29,605.75,18.51
RA,20231005,12:15:00,9.46,154,5947,149,53.491,460.7,9.82,falling,27,14:35:00,8400,6900,465.6,4.9,2.31,691.78,15.08,11.22,295.94,15.64
RA,20231005,12:15:00,9.46,154,5947,149,53.491,460.7,9.82,falling,28,14:40:00,8700,6900,464.2,3.5,1.65,494.13,2.66,-1.2,135.35,11.17
RA,20231005,12:15:00,9.46,154,5947,149,53.491,460.7,9.82,falling,29,14:45:00,9000,6900,463.3,2.6,1.22,1468.27,9.64,5.78,760.14,8.3
RA,20231005,12:15:00,9.46,154,5947,149,53.491,460.7,9.82,falling,30,15:05:00,10200,6900,461.9,1.2,0.56,0,4.52,0.66,0,3.83
RC,20231007,11:30:00,7.86,150,4752,103,53.491,351.7,2.4,rising,2,11:40:10,610,790,367,16.3,7.52,75.16,54.7212,52.32,154.57,42.67
RC,20231007,11:30:00,7.86,150,4752,103,53.491,351.7,2.4,rising,3,11:40:20,620,790,369,18.3,8.44,84.38,16.872,14.47,99.33,47.9
RC,20231007,11:30:00,7.86,150,4752,103,53.491,351.7,2.4,rising,4,11:40:30,630,790,379.3,28.6,13.19,131.87,30.8479,28.45,213.68,74.87
RC,20231007,11:30:00,7.86,150,4752,103,53.491,351.7,2.4,rising,5,11:40:40,640,790,384.5,33.8,15.59,155.85,66.2868,63.89,339.68,88.48
RC,20231007,11:30:00,7.86,150,4752,103,53.491,351.7,2.4,rising,6,11:40:50,650,790,388.6,37.9,17.48,524.27,85.2917,82.89,1028.44,99.21
RC,20231007,11:30:00,7.86,150,4752,103,53.491,351.7,2.4,rising,7,11:41:20,680,790,395,44.3,20.43,817.07,67.6414,65.24,1259.29,115.96
RC,20231007,11:30:00,7.86,150,4752,103,53.491,351.7,2.4,rising,8,11:42:00,720,790,396,45.3,20.89,626.63,73.1968,70.8,1004.19,118.58
RC,20231007,11:30:00,7.86,150,4752,103,53.491,351.7,2.4,rising,9,11:42:30,750,790,397.1,46.4,21.4,855.8,76.2436,73.84,1570.95,121.46
RC,20231007,11:30:00,7.86,150,4752,103,53.491,351.7,2.4,peak,10,11:43:10,790,790,397.5,46.8,21.58,863.18,98.2628,95.86,1563.2,122.51
RC,20231007,11:30:00,7.86,150,4752,103,53.491,351.7,2.4,falling,11,11:43:50,830,790,395,44.3,20.43,612.8,75.4064,73.01,1094.12,115.96
RC,20231007,11:30:00,7.86,150,4752,103,53.491,351.7,2.4,falling,12,11:44:20,860,790,391,40.3,18.58,557.47,86.987,84.59,1070.97,105.49
RC,20231007,11:30:00,7.86,150,4752,103,53.491,351.7,2.4,falling,13,11:44:50,890,790,384.1,33.4,15.4,308.01,72.0723,69.67,594.13,87.43
RC,20231007,11:30:00,7.86,150,4752,103,53.491,351.7,2.4,falling,14,11:45:10,910,790,377.2,26.5,12.22,1955.06,61.092,58.69,3973.75,69.37
RC,20231007,11:30:00,7.86,150,4752,103,53.491,351.7,2.4,falling,15,11:47:50,1070,790,368.4,17.7,8.16,734.53,51.0267,48.63,1711.71,46.33
RC,20231007,11:30:00,7.86,150,4752,103,53.491,351.7,2.4,falling,16,11:49:20,1160,790,365.2,14.5,6.69,401.16,35.9564,33.56,743.66,37.96
RC,20231007,11:30:00,7.86,150,4752,103,53.491,351.7,2.4,falling,17,11:50:20,1220,790,361.5,10.8,4.98,298.79,22.4005,20,425.27,28.27
RC,20231007,11:30:00,7.86,150,4752,103,53.491,351.7,2.4,falling,18,11:51:20,1280,790,360.2,9.5,4.38,350.44,13.0267,10.63,522.46,24.87
RC,20231007,11:30:00,7.86,150,4752,103,53.491,351.7,2.4,falling,19,11:52:40,1360,790,358.7,8,3.69,147.55,19.9935,17.59,289.23,20.94
RC,20231007,11:30:00,7.86,150,4752,103,53.491,351.7,2.4,falling,20,11:53:20,1400,790,357.5,6.8,3.14,188.13,16.0514,13.65,368.84,17.8
RC,20231007,11:30:00,7.86,150,4752,103,53.491,351.7,2.4,falling,21,11:54:20,1460,790,355.1,4.4,2.03,202.88,15.3121,12.91,317.37,11.52
RC,20231007,11:30:00,7.86,150,4752,103,53.491,351.7,2.4,falling,22,11:56:00,1560,790,353.4,2.7,1.24,204.18,3.202,0.8,31.85,7.07
RC,20231007,11:30:00,7.86,150,4752,103,53.491,351.7,2.4,falling,23,11:58:44,1724,790,352.6,1.9,0.88,171.71,2.4373,0.04,2.25,4.97
RC,20231007,11:30:00,7.86,150,4752,103,53.491,351.7,2.4,falling,24,12:02:00,1920,790,351.9,1.2,0.55,0,2.2522,0.01,0,3.14
RS,20231011,10:40:00,9.96,408,10448,484,53.491,368.4,0.91,rising,3,11:02:25,1305,1730,369.7,1.3,0.6,35.97,2.9415,2.0315,63.8309,7.2729
RS,20231011,10:40:00,9.96,408,10448,484,53.491,368.4,0.91,rising,4,11:03:25,1365,1730,370.5,2.1,0.97,48.42,0.7795,-0.1305,734.9865,11.7485
RS,20231011,10:40:00,9.96,408,10448,484,53.491,368.4,0.91,rising,5,11:04:15,1415,1730,373.2,4.8,2.21,88.53,27.3086,26.3986,1265.6695,26.8538
RS,20231011,10:40:00,9.96,408,10448,484,53.491,368.4,0.91,rising,6,11:04:55,1455,1730,376.5,8.1,3.73,168.07,31.0546,30.1446,2243.4877,45.3158
RS,20231011,10:40:00,9.96,408,10448,484,53.491,368.4,0.91,rising,7,11:05:40,1500,1730,380.4,12,5.53,221.33,59.8559,58.9459,2462.9607,67.1345
RS,20231011,10:40:00,9.96,408,10448,484,53.491,368.4,0.91,rising,8,11:06:20,1540,1730,379.2,10.8,4.98,99.6,51.9958,51.0858,1270.0595,60.4211
RS,20231011,10:40:00,9.96,408,10448,484,53.491,368.4,0.91,rising,9,11:06:40,1560,1730,385.2,16.8,7.75,232.39,63.3029,62.3929,2385.7536,93.9883
RS,20231011,10:40:00,9.96,408,10448,484,53.491,368.4,0.91,rising,10,11:07:10,1590,1730,384,15.6,7.19,143.86,80.6271,79.7171,2004.48,87.2749
RS,20231011,10:40:00,9.96,408,10448,484,53.491,368.4,0.91,rising,11,11:07:30,1610,1730,387,18.6,8.58,514.59,100.2915,99.3815,7134.5963,104.0585
RS,20231011,10:40:00,9.96,408,10448,484,53.491,368.4,0.91,rising,12,11:08:30,1670,1730,387.3,18.9,8.71,522.89,114.0186,113.1086,7561.9585,105.7369
RS,20231011,10:40:00,9.96,408,10448,484,53.491,368.4,0.91,peak,13,11:09:30,1730,1730,387.8,19.4,8.95,1610.16,113.0196,112.1096,23757.2729,108.5342
RS,20231011,10:40:00,9.96,408,10448,484,53.491,368.4,0.91,falling,14,11:12:30,1910,1730,386.4,18,8.3,580.99,124.6551,123.7451,8516.9588,100.7018
RS,20231011,10:40:00,9.96,408,10448,484,53.491,368.4,0.91,falling,15,11:13:40,1980,1730,384.6,16.2,7.47,896.38,94.5887,93.6787,10293.1813,90.6316
RS,20231011,10:40:00,9.96,408,10448,484,53.491,368.4,0.91,falling,16,11:15:40,2100,1730,384.8,16.4,7.56,907.44,60.5125,59.6025,7998.5897,91.7505
RS,20231011,10:40:00,9.96,408,10448,484,53.491,368.4,0.91,falling,17,11:17:40,2220,1730,380,11.6,5.35,641.85,60.4187,59.5087,6321.5789,64.8967
RS,20231011,10:40:00,9.96,408,10448,484,53.491,368.4,0.91,falling,18,11:19:40,2340,1730,379.4,11,5.07,912.98,35.5393,34.6293,3396.4872,61.54
RS,20231011,10:40:00,9.96,408,10448,484,53.491,368.4,0.91,falling,19,11:22:40,2520,1730,374.8,6.4,2.95,531.19,,,,
RS,20231011,10:40:00,9.96,408,10448,484,53.491,368.4,0.91,falling,20,11:25:40,2700,1730,373,4.6,2.12,381.79,28.7976,27.8876,4859.9598,25.7349
RS,20231011,10:40:00,9.96,408,10448,484,53.491,368.4,0.91,falling,21,11:28:40,2880,1730,371.8,3.4,1.57,376.26,21.2705,20.3605,4233.4606,19.0215
RS,20231011,10:40:00,9.96,408,10448,484,53.491,368.4,0.91,falling,22,11:32:40,3120,1730,370.3,1.9,0.88,420.52,12.0708,11.1608,2692.3355,10.6296
RS,20231011,10:40:00,9.96,408,10448,484,53.491,368.4,0.91,falling,23,11:40:40,3600,1730,369.4,1,0.46,0,-0.2276,-1.1376,0,5.5945
SR,20231011,14:06:00,1.5,72,638.9,2.07,53.491,451,3.04,rising,4,14:16:00,590,1020,454.6,3.6,1.69,50.82,1.06,0.752891,0.09,1.4376372
SR,20231011,14:06:00,1.5,72,638.9,2.07,53.491,451,3.04,rising,5,14:16:30,620,1020,460,9,4.24,84.71,4.38,1.3464455,0.09,3.594093
SR,20231011,14:06:00,1.5,72,638.9,2.07,53.491,451,3.04,rising,6,14:16:50,640,1020,470,19,8.94,178.83,4.8707095,1.8371551,0.26,7.5875296
SR,20231011,14:06:00,1.5,72,638.9,2.07,53.491,451,3.04,rising,7,14:17:10,660,1020,483.3,32.3,15.2,304.01,10.1437027,7.1101482,0.6,12.8988004
SR,20231011,14:06:00,1.5,72,638.9,2.07,53.491,451,3.04,rising,8,14:17:30,680,1020,500,49,23.06,461.19,16.6035641,13.5700096,0.81,19.5678395
SR,20231011,14:06:00,1.5,72,638.9,2.07,53.491,451,3.04,rising,9,14:17:50,700,1020,526,75,35.3,705.9,17.7008686,14.6673141,1.35,29.9507748
SR,20231011,14:06:00,1.5,72,638.9,2.07,53.491,451,3.04,rising,10,14:18:10,720,1020,547,96,45.18,903.55,35.0620057,32.0284512,1.99,38.3369918
SR,20231011,14:06:00,1.5,72,638.9,2.07,53.491,451,3.04,rising,11,14:18:30,740,1020,565,114,53.65,2145.94,39.9257338,36.8921794,4.17,45.5251777
SR,20231011,14:06:00,1.5,72,638.9,2.07,53.491,451,3.04,rising,13,14:19:10,780,1020,620,169,79.53,1590.63,38.5330468,35.4994923,2.97,67.4890792
SR,20231011,14:06:00,1.5,72,638.9,2.07,53.491,451,3.04,rising,14,14:19:30,800,1020,644,193,90.83,1816.52,70.738045,67.7044905,3.96,77.0733272
SR,20231011,14:06:00,1.5,72,638.9,2.07,53.491,451,3.04,rising,15,14:19:50,820,1020,673,222,104.47,2089.46,72.8163991,69.7828446,4.42,88.6542934
SR,20231011,14:06:00,1.5,72,638.9,2.07,53.491,451,3.04,rising,16,14:20:10,840,1020,695,244,114.83,2296.53,86.4253478,83.3917933,5.03,97.4398541
SR,20231011,14:06:00,1.5,72,638.9,2.07,53.491,451,3.04,rising,17,14:20:30,860,1020,707,256,120.47,2409.47,94.069705,91.0361505,6.45,102.231978
SR,20231011,14:06:00,1.5,72,638.9,2.07,53.491,451,3.04,rising,18,14:20:50,880,1020,735,284,133.65,2673.01,135.6178064,132.5842519,6.54,113.4136006
SR,20231011,14:06:00,1.5,72,638.9,2.07,53.491,451,3.04,rising,19,14:21:10,900,1020,743,292,137.42,2748.3,97.4055108,94.3719563,5.96,116.6083499
SR,20231011,14:06:00,1.5,72,638.9,2.07,53.491,451,3.04,rising,20,14:21:30,920,1020,760,309,145.42,2908.31,115.3419913,112.3084368,7.05,123.3971922
SR,20231011,14:06:00,1.5,72,638.9,2.07,53.491,451,3.04,rising,21,14:21:50,940,1020,768,317,149.18,2983.6,135.4042769,132.3707224,7.39,126.5919415
SR,20231011,14:06:00,1.5,72,638.9,2.07,53.491,451,3.04,rising,22,14:22:10,960,1020,773,322,151.53,4546,127.0956056,124.0620511,9.73,128.5886599
SR,20231011,14:06:00,1.5,72,638.9,2.07,53.491,451,3.04,rising,23,14:22:40,990,1020,778,327,153.89,4616.59,104.0866125,101.053058,8.92,130.5853782
SR,20231011,14:06:00,1.5,72,638.9,2.07,53.491,451,3.04,peak,24,14:23:10,1020,1020,779,328,154.36,9261.41,108.2765364,105.2429819,16.57,130.9847218
SR,20231011,14:06:00,1.5,72,638.9,2.07,53.491,451,3.04,falling,25,14:24:10,1080,1020,767,316,148.71,8922.58,89.4195063,86.3859518,15.71,126.1925979
SR,20231011,14:06:00,1.5,72,638.9,2.07,53.491,451,3.04,falling,26,14:25:10,1140,1020,746,295,138.83,2776.54,98.3640211,95.3304666,4.75,117.8063809
SR,20231011,14:06:00,1.5,72,638.9,2.07,53.491,451,3.04,falling,27,14:25:30,1160,1020,736,285,134.12,4023.63,72.5316931,69.4981386,6.37,113.8129443
SR,20231011,14:06:00,1.5,72,638.9,2.07,53.491,451,3.04,falling,28,14:26:00,1190,1020,722,271,127.53,3825.98,80.9589919,77.9254374,3.82,108.222133
SR,20231011,14:06:00,1.5,72,638.9,2.07,53.491,451,3.04,falling,29,14:26:30,1220,1020,704,253,119.06,3571.85,13.5192486,10.4856942,0.58,101.033947
SR,20231011,14:06:00,1.5,72,638.9,2.07,53.491,451,3.04,falling,30,14:27:00,1250,1020,693,242,113.89,153745.02,5.8938719,2.8603174,8,96.6411667
SR,20231011,14:06:00,1.5,72,638.9,2.07,53.491,451,3.04,falling,31,14:49:30,2600,1020,455.4,4.4,2.07,0,1.5580361,1.2509272,0,1.7571121