stream,date,release_time,width_m,reach_m,added_mass_NaCl_g,added_mass_PO4_g,type_P,molar_mass_P_nutrient,SpC_uScm_bck,nh4_n_ugL_bck,srp_ugL_bck,sample_btc,curve_limb,time_along_btc,time_since_addition_s,time_to_peak_s,SpC_uScm,corr_SpC_uScm,NaCl_mgL,NaCl_flux_mgs_L,measured_SRP_ug_L,bck_corrected_SRP_ug_L,SRP_flux_mg,expected_SRP_ug_L,ph,temp_c,ca_mgL_up,ca_mgL_down,mg_mgL,na_mgL,k_mgL,so42_mgL,cl_mgL
CB,20230907,13:55:00,7.75,162,7632,355,K2HPO4,174.18,365,39.69,5.83,10,rising,14:18:55,1435,2075,365.3,0.2,0.094,9.4,7.8118,2.0776,84.85606,0.77743,7.56,28.5,42,42.4,24,0.6,1.9,0.01,0.01
CB,20230907,13:55:00,7.75,162,7632,355,K2HPO4,174.18,365,39.69,5.83,22,rising,14:20:35,1535,2075,369.2,4.1,1.927,231.24,8.4209,2.6867,325.31596,15.9373,7.56,28.5,42,42.4,24,0.6,1.9,0.01,0.01
CB,20230907,13:55:00,7.75,162,7632,355,K2HPO4,174.18,365,39.69,5.83,14,rising,14:22:35,1655,2075,381.5,16.4,7.708,462.48,18.2684,12.5342,369.36139,63.74918,7.56,28.5,42,42.4,24,0.6,1.9,0.01,0.01
CB,20230907,13:55:00,7.75,162,7632,355,K2HPO4,174.18,365,39.69,5.83,5,rising,14:23:35,1715,2075,385.5,20.4,9.588,1150.56,27.7634,22.0292,999.44318,79.29776,7.56,28.5,42,42.4,24,0.6,1.9,0.01,0.01
CB,20230907,13:55:00,7.75,162,7632,355,K2HPO4,174.18,365,39.69,5.83,8,rising,14:25:35,1835,2075,397.9,32.8,15.416,1849.92,30.467,24.7328,1212.6023,127.49836,7.56,28.5,42,42.4,24,0.6,1.9,0.01,0.01
CB,20230907,13:55:00,7.75,162,7632,355,K2HPO4,174.18,365,39.69,5.83,18,rising,14:27:35,1955,2075,402.2,37.1,17.437,2092.44,37.7367,32.0025,1209.0437,144.21309,7.56,28.5,42,42.4,24,0.6,1.9,0.01,0.01
CB,20230907,13:55:00,7.75,162,7632,355,K2HPO4,174.18,365,39.69,5.83,1,peak,14:29:35,2075,2075,406.1,41,19.27,1156.2,30.3005,24.5663,466.49409,159.37296,7.56,28.5,42,42.4,24,0.6,1.9,0.01,0.01
CB,20230907,13:55:00,7.75,162,7632,355,K2HPO4,174.18,365,39.69,5.83,16,falling,14:30:35,2135,2075,399.9,34.8,16.356,2371.62,24.8206,19.0864,5967.74421,135.27265,7.56,28.5,42,42.4,24,0.6,1.9,0.01,0.01
CB,20230907,13:55:00,7.75,162,7632,355,K2HPO4,174.18,365,39.69,5.83,15,falling,14:33:00,2280,2075,395,29.9,14.053,3372.72,217.7257,211.9915,35340.76141,116.22564,7.56,28.5,42,42.4,24,0.6,1.9,0.01,0.01
CB,20230907,13:55:00,7.75,162,7632,355,K2HPO4,174.18,365,39.69,5.83,20,falling,14:37:00,2520,2075,386.9,21.8,10.246,3073.8,620.5054,614.7712,66493.8982,84.73977,7.56,28.5,42,42.4,24,0.6,1.9,0.01,0.01
CB,20230907,13:55:00,7.75,162,7632,355,K2HPO4,174.18,365,39.69,5.83,12,falling,14:42:00,2820,2075,379.3,14.2,6.674,2803.08,635.411,629.6768,50040.66797,55.19746,7.56,28.5,42,42.4,24,0.6,1.9,0.01,0.01
CB,20230907,13:55:00,7.75,162,7632,355,K2HPO4,174.18,365,39.69,5.83,3,falling,14:49:00,3240,2075,372.8,7.7,3.619,2171.4,45.0018,39.2676,20394.20213,29.93102,7.56,28.5,42,42.4,24,0.6,1.9,0.01,0.01
CB,20230907,13:55:00,7.75,162,7632,355,K2HPO4,174.18,365,39.69,5.83,24,falling,14:59:00,3840,2075,367.8,2.7,1.269,0,157.3076,151.5734,0,10.49529,7.56,28.5,42,42.4,24,0.6,1.9,0.01,0.01
CB,20231008,10:40:00,7.75,162,8275,349,K2HPO4,174.18,365,39.69,5.83,3,rising,11:04:40,1480,2000,369.4,1.1,0.51766,20.7064,10.6817,5.0317,89.28787,4.96841,7,28.4,43.1,42.7,24,0.6,1.9,0.01,0.01
CB,20231008,10:40:00,7.75,162,8275,349,K2HPO4,174.18,365,39.69,5.83,4,rising,11:05:20,1520,2000,370.3,2,0.9412,37.648,13.9737,8.3237,96.47414,9.03346,7.36,28.4,43.1,42.7,24,0.6,1.9,0.01,0.01
CB,20231008,10:40:00,7.75,162,8275,349,K2HPO4,174.18,365,39.69,5.83,5,rising,11:06:00,1560,2000,370.5,2.2,1.03532,31.0596,11.7566,6.1066,52.9283,9.93681,7.36,28.4,43.1,42.7,24,0.6,1.9,0.01,0.01
CB,20231008,10:40:00,7.75,162,8275,349,K2HPO4,174.18,365,39.69,5.83,6,rising,11:06:30,1590,2000,373.1,4.8,2.25888,45.1776,10.0992,4.4492,31.76962,21.68031,7.36,28.4,43.1,42.7,24,0.6,1.9,0.01,0.01
CB,20231008,10:40:00,7.75,162,8275,349,K2HPO4,174.18,365,39.69,5.83,7,rising,11:06:50,1610,2000,372.1,3.8,1.78828,17.8828,10.7048,5.0548,5.48547,17.16358,7.36,28.4,43.1,42.7,24,0.6,1.9,0.01,0.01
CB,20231008,10:40:00,7.75,162,8275,349,K2HPO4,174.18,365,39.69,5.83,8,rising,11:07:00,1620,2000,376.6,8.3,3.90598,78.1196,3.8772,-1.7728,14.50659,37.48888,7.36,28.4,43.1,42.7,24,0.6,1.9,0.01,0.01
CB,20231008,10:40:00,7.75,162,8275,349,K2HPO4,174.18,365,39.69,5.83,9,rising,11:07:20,1640,2000,378.5,10.2,4.80012,240.006,11.7625,6.1125,197.1269,46.07067,7.36,28.4,43.1,42.7,24,0.6,1.9,0.01,0.01
CB,20231008,10:40:00,7.75,162,8275,349,K2HPO4,174.18,365,39.69,5.83,10,rising,11:08:10,1690,2000,390,21.7,10.21202,306.3606,23.126,17.476,139.15404,98.01309,7.36,28.4,43.1,42.7,24,0.6,1.9,0.01,0.01
CB,20231008,10:40:00,7.75,162,8275,349,K2HPO4,174.18,365,39.69,5.83,11,rising,11:08:40,1720,2000,394.2,25.9,12.18854,365.6562,15.9263,10.2763,152.49417,116.98336,7.36,28.4,43.1,42.7,24,0.6,1.9,0.01,0.01
CB,20231008,10:40:00,7.75,162,8275,349,K2HPO4,174.18,365,39.69,5.83,12,rising,11:09:10,1750,2000,398.3,30,14.118,423.54,25.7865,20.1365,168.29775,135.50197,7.36,28.4,43.1,42.7,24,0.6,1.9,0.01,0.01
CB,20231008,10:40:00,7.75,162,8275,349,K2HPO4,174.18,365,39.69,5.83,13,rising,11:09:40,1780,2000,393.5,25.2,11.85912,355.7736,19.0781,13.4281,241.50425,113.82165,7.36,28.4,43.1,42.7,24,0.6,1.9,0.01,0.01
CB,20231008,10:40:00,7.75,162,8275,349,K2HPO4,174.18,365,39.69,5.83,14,rising,11:10:10,1810,2000,405.5,37.2,17.50632,525.1896,40.3865,34.7365,397.98667,168.02244,7.36,28.4,43.1,42.7,24,0.6,1.9,0.01,0.01
CB,20231008,10:40:00,7.75,162,8275,349,K2HPO4,174.18,365,39.69,5.83,15,rising,11:10:40,1840,2000,395,26.7,12.56502,502.6008,50.2863,44.6363,639.07876,120.59675,7.36,28.4,43.1,42.7,24,0.6,1.9,0.01,0.01
CB,20231008,10:40:00,7.75,162,8275,349,K2HPO4,174.18,365,39.69,5.83,16,rising,11:11:20,1880,2000,414,45.7,21.50642,1290.3852,56.6051,50.9551,985.64739,206.41466,7.36,28.4,43.1,42.7,24,0.6,1.9,0.01,0.01
CB,20231008,10:40:00,7.75,162,8275,349,K2HPO4,174.18,365,39.69,5.83,17,rising,11:12:20,1940,2000,415.7,47.4,22.30644,1338.3864,52.9816,47.3316,878.52721,214.0931,7.36,28.4,43.1,42.7,24,0.6,1.9,0.01,0.01
CB,20231008,10:40:00,7.75,162,8275,349,K2HPO4,174.18,365,39.69,5.83,18,peak,11:13:20,2000,2000,417.5,49.2,23.15352,1389.2112,45.9233,40.2733,810.08415,222.22322,7.36,28.4,43.1,42.7,24,0.6,1.9,0.01,0.01
CB,20231008,10:40:00,7.75,162,8275,349,K2HPO4,174.18,365,39.69,5.83,19,falling,11:14:20,2060,2000,416,47.7,22.44762,1346.8572,46.1566,40.5066,866.03397,215.44812,7.36,28.4,43.1,42.7,24,0.6,1.9,0.01,0.01
CB,20231008,10:40:00,7.75,162,8275,349,K2HPO4,174.18,365,39.69,5.83,20,falling,11:15:20,2120,2000,412.1,43.8,20.61228,1236.7368,51.5025,45.8525,749.70482,197.83287,7.36,28.4,43.1,42.7,24,0.6,1.9,0.01,0.01
CB,20231008,10:40:00,7.75,162,8275,349,K2HPO4,174.18,365,39.69,5.83,21,falling,11:16:20,2180,2000,411.5,43.2,20.32992,1219.7952,34.5565,28.9065,600.22315,195.12283,7.36,28.4,43.1,42.7,24,0.6,1.9,0.01,0.01
CB,20231008,10:40:00,7.75,162,8275,349,K2HPO4,174.18,365,39.69,5.83,22,falling,11:17:20,2240,2000,408.4,40.1,18.87106,3396.7908,36.5965,30.9465,1933.77694,181.12096,7.36,28.4,43.1,42.7,24,0.6,1.9,0.01,0.01
CB,20231008,10:40:00,7.75,162,8275,349,K2HPO4,174.18,365,39.69,5.83,23,falling,11:20:20,2420,2000,400.5,32.2,15.15332,2727.5976,38.9809,33.3309,1973.86803,145.43878,7.36,28.4,43.1,42.7,24,0.6,1.9,0.01,0.01
CB,20231008,10:40:00,7.75,162,8275,349,K2HPO4,174.18,365,39.69,5.83,24,falling,11:23:20,2600,2000,390.5,22.2,10.44732,1880.5176,37.9291,32.2791,1484.87164,100.27145,7.36,28.4,43.1,42.7,24,0.6,1.9,0.01,0.01
CB,20231008,10:40:00,7.75,162,8275,349,K2HPO4,174.18,365,39.69,5.83,25,falling,11:26:20,2780,2000,385.3,17,8.0002,1920.048,22.727,17.077,1360.23706,76.78445,7.36,28.4,43.1,42.7,24,0.6,1.9,0.01,0.01
CB,20231008,10:40:00,7.75,162,8275,349,K2HPO4,174.18,365,39.69,5.83,26,falling,11:30:20,3020,2000,379.5,11.2,5.27072,1581.216,22.483,16.833,1377.74645,50.5874,7.36,28.4,43.1,42.7,24,0.6,1.9,0.01,0.01
CB,20231008,10:40:00,7.75,162,8275,349,K2HPO4,174.18,365,39.69,5.83,27,falling,11:35:20,3320,2000,376,7.7,3.62362,1087.086,16.2942,10.6442,780.81759,34.77884,7.36,28.4,43.1,42.7,24,0.6,1.9,0.01,0.01
CB,20231008,10:40:00,7.75,162,8275,349,K2HPO4,174.18,365,39.69,5.83,28,falling,11:40:20,3620,2000,372.6,4.3,2.02358,607.074,10.5781,4.9281,165.46175,19.42195,7.36,28.4,43.1,42.7,24,0.6,1.9,0.01,0.01
CB,20231008,10:40:00,7.75,162,8275,349,K2HPO4,174.18,365,39.69,5.83,29,falling,11:45:20,3920,2000,370.9,2.6,1.22356,367.068,4.0218,-1.6282,122.62591,11.7435,7.36,28.4,43.1,42.7,24,0.6,1.9,0.01,0.01
CB,20231008,10:40:00,7.75,162,8275,349,K2HPO4,174.18,365,39.69,5.83,30,falling,11:50:20,4220,2000,369.8,1.5,0.7059,416.481,9.7238,4.0738,938.9886,6.7751,7.36,28.4,43.1,42.7,24,0.6,1.9,0.01,0.01
CB,20231008,10:40:00,7.75,162,8275,349,K2HPO4,174.18,365,39.69,5.83,31,falling,12:00:10,4810,2000,369.2,0.9,0.42354,0,11.0983,5.4483,0,4.06506,7.36,28.4,43.1,42.7,24,0.6,1.9,0.01,0.01
CC,20231006,13:06:00,3.1,184,4500,199,K2HPO4,174.18,337.1,1.89,6.7,3,rising,13:24:00,1080,1260,350,12.9,6.0707,364.2444,33.9578,27.2536,325.56,47.7337,7.31,27.5,45,44.6,,,,0.01,0.01
CC,20231006,13:06:00,3.1,184,4500,199,K2HPO4,174.18,337.1,1.89,6.7,4,rising,13:25:00,1140,1260,387.1,50,23.53,1411.8,33.6206,26.9164,539.0131,185.0143,7.31,27.5,45,44.6,,,,0.01,0.01
CC,20231006,13:06:00,3.1,184,4500,199,K2HPO4,174.18,337.1,1.89,6.7,5,rising,13:26:00,1200,1260,408.2,71.1,33.4597,1338.3864,69.4743,62.7701,537.671,263.0904,7.31,27.5,45,44.6,,,,0.01,0.01
CC,20231006,13:06:00,3.1,184,4500,199,K2HPO4,174.18,337.1,1.89,6.7,6,rising,13:26:40,1240,1260,427.5,90.4,42.5422,850.8448,78.1289,71.4247,274.2178,334.5059,7.31,27.5,45,44.6,,,,0.01,0.01
CC,20231006,13:06:00,3.1,184,4500,199,K2HPO4,174.18,337.1,1.89,6.7,7,peak,13:27:00,1260,1260,429.4,92.3,43.4364,2606.1828,72.161,65.4568,955.7233,341.5365,7.31,27.5,45,44.6,,,,0.01,0.01
CC,20231006,13:06:00,3.1,184,4500,199,K2HPO4,174.18,337.1,1.89,6.7,8,falling,13:28:00,1320,1260,427.3,90.2,42.4481,2546.8872,100.2704,93.5662,968.5551,333.7659,7.31,27.5,45,44.6,,,,0.01,0.01
CC,20231006,13:06:00,3.1,184,4500,199,K2HPO4,174.18,337.1,1.89,6.7,9,falling,13:29:00,1380,1260,412.3,75.2,35.3891,4246.6944,74.2961,67.5919,1231.463,278.2616,7.31,27.5,45,44.6,,,,0.01,0.01
CC,20231006,13:06:00,3.1,184,4500,199,K2HPO4,174.18,337.1,1.89,6.7,10,falling,13:31:00,1500,1260,400.7,63.6,29.9302,3591.6192,41.564,34.8598,643.1616,235.3383,7.31,27.5,45,44.6,,,,0.01,0.01
CC,20231006,13:06:00,3.1,184,4500,199,K2HPO4,174.18,337.1,1.89,6.7,11,falling,13:33:00,1620,1260,376,38.9,18.3063,1098.3804,25.3523,18.6481,233.8869,143.9412,7.31,27.5,45,44.6,,,,0.01,0.01
CC,20231006,13:06:00,3.1,184,4500,199,K2HPO4,174.18,337.1,1.89,6.7,12,falling,13:34:00,1680,1260,367.5,30.4,14.3062,858.3744,26.9726,20.2684,160.8646,112.4887,7.31,27.5,45,44.6,,,,0.01,0.01
CC,20231006,13:06:00,3.1,184,4500,199,K2HPO4,174.18,337.1,1.89,6.7,13,falling,13:35:00,1740,1260,361.7,24.6,11.5768,694.6056,13.2021,6.4979,82.3426,91.0271,7.31,27.5,45,44.6,,,,0.01,0.01
CC,20231006,13:06:00,3.1,184,4500,199,K2HPO4,174.18,337.1,1.89,6.7,14,falling,13:36:00,1800,1260,358.5,21.4,10.0708,604.2504,13.9073,7.2031,94.9136,79.1861,7.31,27.5,45,44.6,,,,0.01,0.01
CC,20231006,13:06:00,3.1,184,4500,199,K2HPO4,174.18,337.1,1.89,6.7,15,falling,13:37:00,1860,1260,353.4,16.3,7.6708,460.2468,15.2938,8.5896,100.9272,60.3147,7.31,27.5,45,44.6,,,,0.01,0.01
CC,20231006,13:06:00,3.1,184,4500,199,K2HPO4,174.18,337.1,1.89,6.7,16,falling,13:38:00,1920,1260,348.4,11.3,5.3178,319.0668,14.9079,8.2037,67.5526,41.8132,7.31,27.5,45,44.6,,,,0.01,0.01
CC,20231006,13:06:00,3.1,184,4500,199,K2HPO4,174.18,337.1,1.89,6.7,17,falling,13:39:00,1980,1260,346.2,9.1,4.2825,256.9476,9.7406,3.0364,64.978,33.6726,7.31,27.5,45,44.6,,,,0.01,0.01
CC,20231006,13:06:00,3.1,184,4500,199,K2HPO4,174.18,337.1,1.89,6.7,18,falling,13:40:00,2040,1260,344.5,7.4,3.4824,417.8928,14.4795,7.7753,129.6891,27.3821,7.31,27.5,45,44.6,,,,0.01,0.01
CC,20231006,13:06:00,3.1,184,4500,199,K2HPO4,174.18,337.1,1.89,6.7,19,falling,13:42:00,2160,1260,341.7,4.6,2.1648,422.1282,9.7184,3.0142,91.0151,17.0213,7.31,27.5,45,44.6,,,,0.01,0.01
CC,20231006,13:06:00,3.1,184,4500,199,K2HPO4,174.18,337.1,1.89,6.7,20,falling,13:45:15,2355,1260,339.3,2.2,1.0353,295.0662,8.3497,1.6455,185.7548,8.1406,7.31,27.5,45,44.6,,,,0.01,0.01
CC,20231006,13:06:00,3.1,184,4500,199,K2HPO4,174.18,337.1,1.89,6.7,21,falling,13:50:00,2640,1260,337.3,0.2,0.0941,0,11.5656,4.8614,0,0.7401,7.31,27.5,45,44.6,,,,0.01,0.01
CD,20231009,11:24:00,9.2,72,1755,89,K2HPO4,174.18,416.7,3.1,6.95,3,rising,11:37:20,800,1330,417.2,0.6,0.28,11.2,10.0476,3.0976,5.6065,2.546,8.33,26.7,66.7,65.8,12.8,2.2,1.9,0.01,0.01
CD,20231009,11:24:00,9.2,72,1755,89,K2HPO4,174.18,416.7,3.1,6.95,4,rising,11:38:00,840,1330,417.4,0.8,0.38,15.2,12.1897,5.2397,8.2821,3.3947,8.33,26.7,66.7,65.8,12.8,2.2,1.9,0.01,0.01
CD,20231009,11:24:00,9.2,72,1755,89,K2HPO4,174.18,416.7,3.1,6.95,5,rising,11:38:40,880,1330,418.1,1.5,0.71,28.4,14.0254,7.0754,7.7616,6.365,8.33,26.7,66.7,65.8,12.8,2.2,1.9,0.01,0.01
CD,20231009,11:24:00,9.2,72,1755,89,K2HPO4,174.18,416.7,3.1,6.95,6,rising,11:39:20,920,1330,418.6,2,0.94,37.6,11.4158,4.4658,12.4429,8.4867,8.33,26.7,66.7,65.8,12.8,2.2,1.9,0.01,0.01
CD,20231009,11:24:00,9.2,72,1755,89,K2HPO4,174.18,416.7,3.1,6.95,7,rising,11:40:00,960,1330,421.5,4.9,2.31,92.4,18.1609,11.2109,20.2588,20.7924,8.33,26.7,66.7,65.8,12.8,2.2,1.9,0.01,0.01
CD,20231009,11:24:00,9.2,72,1755,89,K2HPO4,174.18,416.7,3.1,6.95,8,rising,11:40:40,1000,1330,433.3,16.7,7.86,235.8,20.2114,13.2614,15.2379,70.8638,8.33,26.7,66.7,65.8,12.8,2.2,1.9,0.01,0.01
CD,20231009,11:24:00,9.2,72,1755,89,K2HPO4,174.18,416.7,3.1,6.95,9,rising,11:41:10,1030,1330,440.7,24.1,11.34,340.2,18.2478,11.2978,19.9633,102.2645,8.33,26.7,66.7,65.8,12.8,2.2,1.9,0.01,0.01
CD,20231009,11:24:00,9.2,72,1755,89,K2HPO4,174.18,416.7,3.1,6.95,10,rising,11:41:40,1060,1330,444,27.4,12.89,386.7,29.5782,22.6282,18.5517,116.2675,8.33,26.7,66.7,65.8,12.8,2.2,1.9,0.01,0.01
CD,20231009,11:24:00,9.2,72,1755,89,K2HPO4,174.18,416.7,3.1,6.95,11,rising,11:42:10,1090,1330,451.6,35,16.47,494.1,15.4498,8.4998,15.0465,148.5169,8.33,26.7,66.7,65.8,12.8,2.2,1.9,0.01,0.01
CD,20231009,11:24:00,9.2,72,1755,89,K2HPO4,174.18,416.7,3.1,6.95,12,rising,11:42:40,1120,1330,456,39.4,18.54,556.2,22.6299,15.6799,17.3811,167.1876,8.33,26.7,66.7,65.8,12.8,2.2,1.9,0.01,0.01
CD,20231009,11:24:00,9.2,72,1755,89,K2HPO4,174.18,416.7,3.1,6.95,13,rising,11:43:10,1150,1330,462.3,45.7,21.51,645.3,20.0777,13.1277,14.4964,193.9206,8.33,26.7,66.7,65.8,12.8,2.2,1.9,0.01,0.01
CD,20231009,11:24:00,9.2,72,1755,89,K2HPO4,174.18,416.7,3.1,6.95,14,rising,11:43:40,1180,1330,463.8,47.2,22.21,666.3,16.9117,9.9617,24.9352,200.2856,8.33,26.7,66.7,65.8,12.8,2.2,1.9,0.01,0.01
CD,20231009,11:24:00,9.2,72,1755,89,K2HPO4,174.18,416.7,3.1,6.95,15,rising,11:44:10,1210,1330,472.7,56.1,26.4,1584,40.7699,33.8199,73.0823,238.0513,8.33,26.7,66.7,65.8,12.8,2.2,1.9,0.01,0.01
CD,20231009,11:24:00,9.2,72,1755,89,K2HPO4,174.18,416.7,3.1,6.95,16,rising,11:45:10,1270,1330,476.2,59.6,28.05,1683,39.9174,32.9674,63.2098,252.903,8.33,26.7,66.7,65.8,12.8,2.2,1.9,0.01,0.01
CD,20231009,11:24:00,9.2,72,1755,89,K2HPO4,174.18,416.7,3.1,6.95,17,peak,11:46:10,1330,1330,479.6,63,29.65,1779,30.9851,24.0351,47.5533,267.3304,8.33,26.7,66.7,65.8,12.8,2.2,1.9,0.01,0.01
CD,20231009,11:24:00,9.2,72,1755,89,K2HPO4,174.18,416.7,3.1,6.95,18,peak,11:47:10,1390,1330,479.6,63,29.65,3558,24.3999,17.4499,79.0806,267.3304,8.33,26.7,66.7,65.8,12.8,2.2,1.9,0.01,0.01
CD,20231009,11:24:00,9.2,72,1755,89,K2HPO4,174.18,416.7,3.1,6.95,20,falling,11:49:10,1510,1330,476.2,59.6,28.05,1683,23.0433,16.0933,33.5885,252.903,8.33,26.7,66.7,65.8,12.8,2.2,1.9,0.01,0.01
CD,20231009,11:24:00,9.2,72,1755,89,K2HPO4,174.18,416.7,3.1,6.95,21,falling,11:50:10,1570,1330,474.9,58.3,27.44,1372,18.5009,11.5509,40.4361,247.3867,8.33,26.7,66.7,65.8,12.8,2.2,1.9,0.01,0.01
CD,20231009,11:24:00,9.2,72,1755,89,K2HPO4,174.18,416.7,3.1,6.95,22,falling,11:51:00,1620,1330,473.6,57,26.82,1877.4,37.8455,30.8955,68.9554,241.8703,8.33,26.7,66.7,65.8,12.8,2.2,1.9,0.01,0.01
CD,20231009,11:24:00,9.2,72,1755,89,K2HPO4,174.18,416.7,3.1,6.95,23,falling,11:52:10,1690,1330,472.6,56,26.35,3162,28.9883,22.0383,113.6145,237.627,8.33,26.7,66.7,65.8,12.8,2.2,1.9,0.01,0.01
CD,20231009,11:24:00,9.2,72,1755,89,K2HPO4,174.18,416.7,3.1,6.95,24,falling,11:54:10,1810,1330,468,51.4,24.19,7257,35.5685,28.6185,318.6167,218.1076,8.33,26.7,66.7,65.8,12.8,2.2,1.9,0.01,0.01
CD,20231009,11:24:00,9.2,72,1755,89,K2HPO4,174.18,416.7,3.1,6.95,25,falling,11:59:10,2110,1330,454.9,38.3,18.02,5406,35.843,28.893,220.3017,162.5199,8.33,26.7,66.7,65.8,12.8,2.2,1.9,0.01,0.01
CD,20231009,11:24:00,9.2,72,1755,89,K2HPO4,174.18,416.7,3.1,6.95,26,falling,12:04:10,2410,1330,447.1,30.5,14.35,4305,16.0801,9.1301,152.6747,129.4218,8.33,26.7,66.7,65.8,12.8,2.2,1.9,0.01,0.01
CD,20231009,11:24:00,9.2,72,1755,89,K2HPO4,174.18,416.7,3.1,6.95,27,falling,12:09:10,2710,1330,439.1,22.5,10.59,3177,22.4377,15.4877,155.9145,95.4751,8.33,26.7,66.7,65.8,12.8,2.2,1.9,0.01,0.01
CD,20231009,11:24:00,9.2,72,1755,89,K2HPO4,174.18,416.7,3.1,6.95,28,falling,12:14:10,3010,1330,435,18.4,8.66,2598,16.7223,9.7723,77.4159,78.0774,8.33,26.7,66.7,65.8,12.8,2.2,1.9,0.01,0.01
CD,20231009,11:24:00,9.2,72,1755,89,K2HPO4,174.18,416.7,3.1,6.95,29,falling,12:19:10,3310,1330,430.2,13.6,6.4,1920,9.7015,2.7515,96.8313,57.7094,8.33,26.7,66.7,65.8,12.8,2.2,1.9,0.01,0.01
CD,20231009,11:24:00,9.2,72,1755,89,K2HPO4,174.18,416.7,3.1,6.95,30,falling,12:24:10,3610,1330,426.1,9.5,4.47,1363.35,20.5709,13.6209,108.1475,40.3117,8.33,26.7,66.7,65.8,12.8,2.2,1.9,0.01,0.01
CD,20231009,11:24:00,9.2,72,1755,89,K2HPO4,174.18,416.7,3.1,6.95,31,falling,12:29:15,3915,1330,423.3,6.7,3.15,6000.75,11.5932,4.6432,159.7206,28.4304,8.33,26.7,66.7,65.8,12.8,2.2,1.9,0.01,0.01
CD,20231009,11:24:00,9.2,72,1755,89,K2HPO4,174.18,416.7,3.1,6.95,32,falling,13:01:00,5820,1330,417.5,0.9,0.42,0,7.2949,0.3449,0,3.819,8.33,26.7,66.7,65.8,12.8,2.2,1.9,0.01,0.01
RA,20230906,15:45:00,9.46,145,6240,276,KH2PO4,136.086,466,9.29,5.24,3,rising,13:42:00,720,3840,466.1,0.5,0.2353,536.484,8.502,3.2661,1303.09347,2.49723,8.17,27.4,80.5,80.1,12.6,2.2,1.8,0.01,0.01
RA,20230906,15:45:00,9.46,145,6240,276,KH2PO4,136.086,466,9.29,5.24,4,rising,14:20:00,3000,3840,467.8,2.2,1.03532,124.2384,7.6413,2.4054,50.89463,10.9878,8.17,27.4,80.5,80.1,12.6,2.2,1.8,0.01,0.01
RA,20230906,15:45:00,9.46,145,6240,276,KH2PO4,136.086,466,9.29,5.24,5,rising,14:22:00,3120,3840,468,2.4,1.12944,135.5328,7.0392,1.8033,69.95639,11.98669,8.17,27.4,80.5,80.1,12.6,2.2,1.8,0.01,0.01
RA,20230906,15:45:00,9.46,145,6240,276,KH2PO4,136.086,466,9.29,5.24,6,rising,14:24:00,3240,3840,473.1,7.5,3.5295,423.54,9.2176,3.9817,89.4039,37.45841,8.17,27.4,80.5,80.1,12.6,2.2,1.8,0.01,0.01
RA,20230906,15:45:00,9.46,145,6240,276,KH2PO4,136.086,466,9.29,5.24,7,rising,14:26:00,3360,3840,479,13.4,6.30604,756.7248,8.6474,3.4115,190.57403,66.92569,8.17,27.4,80.5,80.1,12.6,2.2,1.8,0.01,0.01
RA,20230906,15:45:00,9.46,145,6240,276,KH2PO4,136.086,466,9.29,5.24,8,rising,14:28:00,3480,3840,483,17.4,8.18844,982.6128,17.5838,12.3479,301.82222,86.90351,8.17,27.4,80.5,80.1,12.6,2.2,1.8,0.01,0.01
RA,20230906,15:45:00,9.46,145,6240,276,KH2PO4,136.086,466,9.29,5.24,9,rising,14:30:00,3600,3840,484,18.4,8.65904,2078.1696,17.847,12.6111,617.31889,91.89797,8.17,27.4,80.5,80.1,12.6,2.2,1.8,0.01,0.01
RA,20230906,15:45:00,9.46,145,6240,276,KH2PO4,136.086,466,9.29,5.24,10,peak,14:34:00,3840,3840,488,22.4,10.54144,1897.4592,18.1492,12.9133,372.95584,111.87579,8.17,27.4,80.5,80.1,12.6,2.2,1.8,0.01,0.01
RA,20230906,15:45:00,9.46,145,6240,276,KH2PO4,136.086,466,9.29,5.24,11,falling,14:37:00,4020,3840,487,21.4,10.07084,1208.5008,12.8835,7.6476,133.88214,106.88133,8.17,27.4,80.5,80.1,12.6,2.2,1.8,0.01,0.01
RA,20230906,15:45:00,9.46,145,6240,276,KH2PO4,136.086,466,9.29,5.24,12,falling,14:39:00,4140,3840,486,20.4,9.60024,1152.0288,8.6596,3.4237,106.2406,101.88688,8.17,27.4,80.5,80.1,12.6,2.2,1.8,0.01,0.01
RA,20230906,15:45:00,9.46,145,6240,276,KH2PO4,136.086,466,9.29,5.24,13,falling,14:41:00,4260,3840,484,18.4,8.65904,2597.712,10.5977,5.3618,330.75103,91.89797,8.17,27.4,80.5,80.1,12.6,2.2,1.8,0.01,0.01
RA,20230906,15:45:00,9.46,145,6240,276,KH2PO4,136.086,466,9.29,5.24,15,falling,14:46:00,4560,3840,483,17.4,8.18844,1473.9192,10.8146,5.5787,337.2291,86.90351,8.17,27.4,80.5,80.1,12.6,2.2,1.8,0.01,0.01
RA,20230906,15:45:00,9.46,145,6240,276,KH2PO4,136.086,466,9.29,5.24,16,falling,14:49:00,4740,3840,482,16.4,7.71784,926.1408,18.2485,13.0126,187.50489,81.90906,8.17,27.4,80.5,80.1,12.6,2.2,1.8,0.01,0.01
RA,20230906,15:45:00,9.46,145,6240,276,KH2PO4,136.086,466,9.29,5.24,17,falling,14:51:00,4860,3840,482,16.4,7.71784,1389.2112,7.7289,2.493,167.43823,81.90906,8.17,27.4,80.5,80.1,12.6,2.2,1.8,0.01,0.01
RA,20230906,15:45:00,9.46,145,6240,276,KH2PO4,136.086,466,9.29,5.24,18,falling,14:54:00,5040,3840,481,15.4,7.24724,1304.5032,11.9737,6.7378,269.84967,76.9146,8.17,27.4,80.5,80.1,12.6,2.2,1.8,0.01,0.01
RA,20230906,15:45:00,9.46,145,6240,276,KH2PO4,136.086,466,9.29,5.24,19,falling,14:57:00,5220,3840,480,14.4,6.77664,1219.7952,13.3748,8.1389,162.30124,71.92015,8.17,27.4,80.5,80.1,12.6,2.2,1.8,0.01,0.01
RA,20230906,15:45:00,9.46,145,6240,276,KH2PO4,136.086,466,9.29,5.24,20,falling,15:00:00,5400,3840,478,12.4,5.83544,1050.3792,6.0446,0.8087,19.41789,61.93124,8.17,27.4,80.5,80.1,12.6,2.2,1.8,0.01,0.01
RA,20230906,15:45:00,9.46,145,6240,276,KH2PO4,136.086,466,9.29,5.24,21,falling,15:03:00,5580,3840,477,11.4,5.36484,965.6712,5.4977,0.2618,124.84223,56.93678,8.17,27.4,80.5,80.1,12.6,2.2,1.8,0.01,0.01
RA,20230906,15:45:00,9.46,145,6240,276,KH2PO4,136.086,466,9.29,5.24,22,falling,15:06:00,5760,3840,475.7,10.1,4.75306,855.5508,11.8566,6.6207,238.25321,50.44399,8.17,27.4,80.5,80.1,12.6,2.2,1.8,0.01,0.01
RA,20230906,15:45:00,9.46,145,6240,276,KH2PO4,136.086,466,9.29,5.24,23,falling,15:09:00,5940,3840,474.6,9,4.2354,1524.744,11.75,6.5141,292.23148,44.95009,8.17,27.4,80.5,80.1,12.6,2.2,1.8,0.01,0.01
RA,20230906,15:45:00,9.46,145,6240,276,KH2PO4,136.086,466,9.29,5.24,24,falling,15:15:00,6300,3840,472.6,7,3.2942,1581.216,6.7771,1.5412,0,34.96118,8.17,27.4,80.5,80.1,12.6,2.2,1.8,0.01,0.01
RA,20230906,15:45:00,9.46,145,6240,276,KH2PO4,136.086,466,9.29,5.24,25,falling,15:23:00,6780,3840,471.2,5.6,2.63536,0,,,,27.96895,8.17,27.4,80.5,80.1,12.6,2.2,1.8,0.01,0.01
RA,20231005,12:15:00,9.46,145,5947,295,KH2PO4,136.086,460.7,9.82,5.9,3,rising,13:07:00,3120,6900,465,4.3,2.02358,485.6592,10.1273,4.2273,210.23804,22.84333,8.17,27.2,69.6,69.3,12.6,2.2,1.8,0.01,0.01
RA,20231005,12:15:00,9.46,145,5947,295,KH2PO4,136.086,460.7,9.82,5.9,4,rising,13:11:00,3360,6900,467.3,6.6,3.10596,372.7152,10.5708,4.6708,91.30768,35.06186,8.17,27.2,69.6,69.3,12.6,2.2,1.8,0.01,0.01
RA,20231005,12:15:00,9.46,145,5947,295,KH2PO4,136.086,460.7,9.82,5.9,5,rising,13:13:00,3480,6900,468.1,7.4,3.48244,1462.6248,8.9582,3.0582,247.66486,39.31178,8.17,27.2,69.6,69.3,12.6,2.2,1.8,0.01,0.01
RA,20231005,12:15:00,9.46,145,5947,295,KH2PO4,136.086,460.7,9.82,5.9,6,rising,13:20:00,3900,6900,470,9.3,4.37658,1050.3792,8.8316,2.9316,-6.79285,49.40535,8.17,27.2,69.6,69.3,12.6,2.2,1.8,0.01,0.01
RA,20231005,12:15:00,9.46,145,5947,295,KH2PO4,136.086,460.7,9.82,5.9,7,rising,13:24:00,4140,6900,471,10.3,4.84718,581.6616,2.6809,-3.2191,-42.35311,54.71775,8.17,27.2,69.6,69.3,12.6,2.2,1.8,0.01,0.01
RA,20231005,12:15:00,9.46,145,5947,295,KH2PO4,136.086,460.7,9.82,5.9,8,rising,13:26:00,4260,6900,472,11.3,5.31778,957.2004,5.534,-0.366,2120.74353,60.03015,8.17,27.2,69.6,69.3,12.6,2.2,1.8,0.01,0.01
RA,20231005,12:15:00,9.46,145,5947,295,KH2PO4,136.086,460.7,9.82,5.9,9,rising,13:29:00,4440,6900,473,12.3,5.78838,694.6056,125.9436,120.0436,1566.02661,65.34255,8.17,27.2,69.6,69.3,12.6,2.2,1.8,0.01,0.01
RA,20231005,12:15:00,9.46,145,5947,295,KH2PO4,136.086,460.7,9.82,5.9,10,rising,13:31:00,4560,6900,475,14.3,6.72958,403.7748,18.4172,12.5172,80.81657,75.96736,8.17,27.2,69.6,69.3,12.6,2.2,1.8,0.01,0.01
RA,20231005,12:15:00,9.46,145,5947,295,KH2PO4,136.086,460.7,9.82,5.9,11,rising,13:32:00,4620,6900,475,14.3,6.72958,1211.3244,7.0647,1.1647,82.37716,75.96736,8.17,27.2,69.6,69.3,12.6,2.2,1.8,0.01,0.01
RA,20231005,12:15:00,9.46,145,5947,295,KH2PO4,136.086,460.7,9.82,5.9,12,rising,13:35:00,4800,6900,476,15.3,7.20018,3024.0756,9.384,3.484,88.35604,81.27976,8.17,27.2,69.6,69.3,12.6,2.2,1.8,0.01,0.01
RA,20231005,12:15:00,9.46,145,5947,295,KH2PO4,136.086,460.7,9.82,5.9,13,rising,13:42:00,5220,6900,477,16.3,7.67078,9204.936,4.5529,-1.3471,-159.14165,86.59216,8.17,27.2,69.6,69.3,12.6,2.2,1.8,0.01,0.01
RA,20231005,12:15:00,9.46,145,5947,295,KH2PO4,136.086,460.7,9.82,5.9,14,rising,14:02:00,6420,6900,474,13.3,6.25898,751.0776,152.9492,,-6.12656,70.65496,8.17,27.2,69.6,69.3,12.6,2.2,1.8,0.01,0.01
RA,20231005,12:15:00,9.46,145,5947,295,KH2PO4,136.086,460.7,9.82,5.9,15,rising,14:04:00,6540,6900,473,12.3,5.78838,694.6056,5.3814,-0.5186,670.34418,65.34255,8.17,27.2,69.6,69.3,12.6,2.2,1.8,0.01,0.01
RA,20231005,12:15:00,9.46,145,5947,295,KH2PO4,136.086,460.7,9.82,5.9,16,rising,14:06:00,6660,6900,472,11.3,5.31778,638.1336,63.1618,57.2618,680.35388,60.03015,8.17,27.2,69.6,69.3,12.6,2.2,1.8,0.01,0.01
RA,20231005,12:15:00,9.46,145,5947,295,KH2PO4,136.086,460.7,9.82,5.9,17,rising,14:08:00,6780,6900,471,10.3,4.84718,581.6616,6.2287,0.3287,39.83208,54.71775,8.17,27.2,69.6,69.3,12.6,2.2,1.8,0.01,0.01
RA,20231005,12:15:00,9.46,145,5947,295,KH2PO4,136.086,460.7,9.82,5.9,18,peak,14:10:00,6900,6900,470.1,9.4,4.42364,530.8368,8.943,3.043,30.50638,49.93659,8.17,27.2,69.6,69.3,12.6,2.2,1.8,0.01,0.01
RA,20231005,12:15:00,9.46,145,5947,295,KH2PO4,136.086,460.7,9.82,5.9,19,falling,14:12:00,7020,6900,469.7,9,4.2354,1016.496,5.4393,-0.4607,686.05633,47.81162,8.17,27.2,69.6,69.3,12.6,2.2,1.8,0.01,0.01
RA,20231005,12:15:00,9.46,145,5947,295,KH2PO4,136.086,460.7,9.82,5.9,20,falling,14:16:00,7260,6900,468.6,7.9,3.71774,669.1932,35.3973,29.4973,516.41708,41.96798,8.17,27.2,69.6,69.3,12.6,2.2,1.8,0.01,0.01
RA,20231005,12:15:00,9.46,145,5947,295,KH2PO4,136.086,460.7,9.82,5.9,21,falling,14:19:00,7440,6900,468.4,7.7,3.62362,434.8344,5.5451,-0.3549,27.66993,40.9055,8.17,27.2,69.6,69.3,12.6,2.2,1.8,0.01,0.01
RA,20231005,12:15:00,9.46,145,5947,295,KH2PO4,136.086,460.7,9.82,5.9,22,falling,14:21:00,7560,6900,468.1,7.4,3.48244,417.8928,8.5971,2.6971,38.40144,39.31178,8.17,27.2,69.6,69.3,12.6,2.2,1.8,0.01,0.01
RA,20231005,12:15:00,9.46,145,5947,295,KH2PO4,136.086,460.7,9.82,5.9,23,falling,14:23:00,7680,6900,467.5,6.8,3.20008,384.0096,6.4535,0.5535,32.43555,36.12434,8.17,27.2,69.6,69.3,12.6,2.2,1.8,0.01,0.01
RA,20231005,12:15:00,9.46,145,5947,295,KH2PO4,136.086,460.7,9.82,5.9,24,falling,14:25:00,7800,6900,467.1,6.4,3.01184,542.1312,8.0921,2.1921,85.39495,33.99938,8.17,27.2,69.6,69.3,12.6,2.2,1.8,0.01,0.01
RA,20231005,12:15:00,9.46,145,5947,295,KH2PO4,136.086,460.7,9.82,5.9,25,falling,14:28:00,7980,6900,466.7,6,2.8236,338.832,8.5269,2.6269,58.20702,31.87442,8.17,27.2,69.6,69.3,12.6,2.2,1.8,0.01,0.01
RA,20231005,12:15:00,9.46,145,5947,295,KH2PO4,136.086,460.7,9.82,5.9,26,falling,14:30:00,8100,6900,466.5,5.8,2.72948,818.844,8.2002,2.3002,131.41797,30.81194,8.17,27.2,69.6,69.3,12.6,2.2,1.8,0.01,0.01
RA,20231005,12:15:00,9.46,145,5947,295,KH2PO4,136.086,460.7,9.82,5.9,27,falling,14:35:00,8400,6900,465.6,4.9,2.30594,691.782,8.0495,2.1495,116.79858,26.03077,8.17,27.2,69.6,69.3,12.6,2.2,1.8,0.01,0.01
RA,20231005,12:15:00,9.46,145,5947,295,KH2PO4,136.086,460.7,9.82,5.9,28,falling,14:40:00,8700,6900,464.2,3.5,1.6471,494.13,7.7052,1.8052,199.31396,18.59341,8.17,27.2,69.6,69.3,12.6,2.2,1.8,0.01,0.01
RA,20231005,12:15:00,9.46,145,5947,295,KH2PO4,136.086,460.7,9.82,5.9,29,falling,14:45:00,9000,6900,463.3,2.6,1.22356,1468.272,10.8434,4.9434,584.33846,13.81225,8.17,27.2,69.6,69.3,12.6,2.2,1.8,0.01,0.01
RA,20231005,12:15:00,9.46,145,5947,295,KH2PO4,136.086,460.7,9.82,5.9,30,falling,15:05:00,10200,6900,461.9,1.2,0.56472,0,5.9029,0.0029,0,6.37488,8.17,27.2,69.6,69.3,12.6,2.2,1.8,0.01,0.01
RC,20231007,11:30:00,7.86,150,4752,199,K2HPO4,174.18,351.17,2.4,4.1,2,rising,11:40:10,610,790,367,16.3,7.51593,75.1593,24.7492,20.6222,50.72129,55.96317,8.24,28.8,48.1,47.7,,,,0.01,0.01
RC,20231007,11:30:00,7.86,150,4752,199,K2HPO4,174.18,351.17,2.4,4.1,3,rising,11:40:20,620,790,369,18.3,8.43813,84.3813,5.422,1.295,12.64029,62.82981,8.24,28.8,48.1,47.7,,,,0.01,0.01
RC,20231007,11:30:00,7.86,150,4752,199,K2HPO4,174.18,351.17,2.4,4.1,4,rising,11:40:30,630,790,379.3,28.6,13.18746,131.8746,8.294,4.167,80.74602,98.19304,8.24,28.8,48.1,47.7,,,,0.01,0.01
RC,20231007,11:30:00,7.86,150,4752,199,K2HPO4,174.18,351.17,2.4,4.1,5,rising,11:40:40,640,790,384.5,33.8,15.58518,155.8518,34.8512,30.7242,135.476,116.04632,8.24,28.8,48.1,47.7,,,,0.01,0.01
RC,20231007,11:30:00,7.86,150,4752,199,K2HPO4,174.18,351.17,2.4,4.1,6,rising,11:40:50,650,790,388.6,37.9,17.47569,524.2707,31.9434,27.8164,416.1533,130.12295,8.24,28.8,48.1,47.7,,,,0.01,0.01
RC,20231007,11:30:00,7.86,150,4752,199,K2HPO4,174.18,351.17,2.4,4.1,7,rising,11:41:20,680,790,395,44.3,20.42673,817.0692,36.252,32.125,508.42554,152.09622,8.24,28.8,48.1,47.7,,,,0.01,0.01
RC,20231007,11:30:00,7.86,150,4752,199,K2HPO4,174.18,351.17,2.4,4.1,8,rising,11:42:00,720,790,396,45.3,20.88783,626.6349,26.926,22.799,323.43882,155.52954,8.24,28.8,48.1,47.7,,,,0.01,0.01
RC,20231007,11:30:00,7.86,150,4752,199,K2HPO4,174.18,351.17,2.4,4.1,9,rising,11:42:30,750,790,397.1,46.4,21.39504,855.8016,27.9151,23.7881,554.22679,159.3062,8.24,28.8,48.1,47.7,,,,0.01,0.01
RC,20231007,11:30:00,7.86,150,4752,199,K2HPO4,174.18,351.17,2.4,4.1,10,peak,11:43:10,790,790,397.5,46.8,21.57948,863.1792,40.2107,36.0837,743.4895,160.67952,8.24,28.8,48.1,47.7,,,,0.01,0.01
RC,20231007,11:30:00,7.86,150,4752,199,K2HPO4,174.18,351.17,2.4,4.1,11,falling,11:43:50,830,790,395,44.3,20.42673,612.8019,48.3607,44.2337,723.69966,152.09622,8.24,28.8,48.1,47.7,,,,0.01,0.01
RC,20231007,11:30:00,7.86,150,4752,199,K2HPO4,174.18,351.17,2.4,4.1,12,falling,11:44:20,860,790,391,40.3,18.58233,557.4699,64.1327,60.0057,677.62394,138.36292,8.24,28.8,48.1,47.7,,,,0.01,0.01
RC,20231007,11:30:00,7.86,150,4752,199,K2HPO4,174.18,351.17,2.4,4.1,13,falling,11:44:50,890,790,384.1,33.4,15.40074,308.0148,41.7241,37.5971,313.53417,114.67299,8.24,28.8,48.1,47.7,,,,0.01,0.01
RC,20231007,11:30:00,7.86,150,4752,199,K2HPO4,174.18,351.17,2.4,4.1,14,falling,11:45:10,910,790,377.2,26.5,12.21915,1955.064,34.2706,30.1436,2142.47434,90.98306,8.24,28.8,48.1,47.7,,,,0.01,0.01
RC,20231007,11:30:00,7.86,150,4752,199,K2HPO4,174.18,351.17,2.4,4.1,15,falling,11:47:50,1070,790,368.4,17.7,8.16147,734.5323,31.845,27.718,2398.41792,60.76982,8.24,28.8,48.1,47.7,,,,0.01,0.01
RC,20231007,11:30:00,7.86,150,4752,199,K2HPO4,174.18,351.17,2.4,4.1,16,falling,11:49:20,1160,790,365.2,14.5,6.68595,401.157,91.5625,87.4355,1367.02264,49.78319,8.24,28.8,48.1,47.7,,,,0.01,0.01
RC,20231007,11:30:00,7.86,150,4752,199,K2HPO4,174.18,351.17,2.4,4.1,17,falling,11:50:20,1220,790,361.5,10.8,4.97988,298.7928,15.1423,11.0153,286.86831,37.07989,8.24,28.8,48.1,47.7,,,,0.01,0.01
RC,20231007,11:30:00,7.86,150,4752,199,K2HPO4,174.18,351.17,2.4,4.1,18,falling,11:51:20,1280,790,360.2,9.5,4.38045,350.436,13.7715,9.6445,311.32224,32.61657,8.24,28.8,48.1,47.7,,,,0.01,0.01
RC,20231007,11:30:00,7.86,150,4752,199,K2HPO4,174.18,351.17,2.4,4.1,19,falling,11:52:40,1360,790,358.7,8,3.6888,147.552,11.2982,7.1712,96.32629,27.46659,8.24,28.8,48.1,47.7,,,,0.01,0.01
RC,20231007,11:30:00,7.86,150,4752,199,K2HPO4,174.18,351.17,2.4,4.1,20,falling,11:53:20,1400,790,357.5,6.8,3.13548,188.1288,7.3617,3.2347,85.61005,23.3466,8.24,28.8,48.1,47.7,,,,0.01,0.01
RC,20231007,11:30:00,7.86,150,4752,199,K2HPO4,174.18,351.17,2.4,4.1,21,falling,11:54:20,1460,790,355.1,4.4,2.02884,202.884,7.0578,2.9308,54.77534,15.10662,8.24,28.8,48.1,47.7,,,,0.01,0.01
RC,20231007,11:30:00,7.86,150,4752,199,K2HPO4,174.18,351.17,2.4,4.1,22,falling,11:56:00,1560,790,353.4,2.7,1.24497,204.17508,3.5631,-0.5639,-51.81758,9.26997,8.24,28.8,48.1,47.7,,,,0.01,0.01
RC,20231007,11:30:00,7.86,150,4752,199,K2HPO4,174.18,351.17,2.4,4.1,23,falling,11:58:44,1724,790,352.6,1.9,0.87609,171.71364,3.3256,-0.8014,684.53643,6.52331,8.24,28.8,48.1,47.7,,,,0.01,0.01
RC,20231007,11:30:00,7.86,150,4752,199,K2HPO4,174.18,351.17,2.4,4.1,24,falling,12:02:00,1920,790,351.9,1.2,0.55332,0,20.02,15.893,0,4.11999,8.24,28.8,48.1,47.7,28.6,0.5,0.9,0.01,0.01
RS,20231011,10:40:00,9.96,408,10488,924,K2HPO4,174.18,368.4,4,7.7,3,rising,11:02:25,1305,1730,369.7,1.3,0.59943,35.9658,8.3625,5.9275,2428.877947,9.425842983,7.57,27,43.9,43.5,28.6,0.5,0.9,0.01,0.01
RS,20231011,10:40:00,9.96,408,10488,924,K2HPO4,174.18,368.4,4,7.7,4,rising,11:03:25,1365,1730,370.5,2.1,0.96831,48.4155,68.8469,66.4119,11999.24567,15.22636174,7.57,27,43.9,43.5,28.6,0.5,0.9,0.01,0.01
RS,20231011,10:40:00,9.96,408,10488,924,K2HPO4,174.18,368.4,4,7.7,5,rising,11:04:15,1415,1730,373.2,4.8,2.21328,88.5312,364.8721,362.4371,8346.47371,34.80311255,7.57,27,43.9,43.5,28.6,0.5,0.9,0.01,0.01
RS,20231011,10:40:00,9.96,408,10488,924,K2HPO4,174.18,368.4,4,7.7,6,rising,11:04:55,1455,1730,376.5,8.1,3.73491,168.07095,12.8731,10.4381,587.3701113,58.73025243,7.57,27,43.9,43.5,28.6,0.5,0.9,0.01,0.01
RS,20231011,10:40:00,9.96,408,10488,924,K2HPO4,174.18,368.4,4,7.7,7,rising,11:05:40,1500,1730,380.4,12,5.5332,221.328,15.3218,12.8868,708.1566437,87.00778138,7.57,27,43.9,43.5,28.6,0.5,0.9,0.01,0.01
RS,20231011,10:40:00,9.96,408,10488,924,K2HPO4,174.18,368.4,4,7.7,8,rising,11:06:20,1540,1730,379.2,10.8,4.97988,99.5976,21.1848,18.7498,406.7503346,78.30700325,7.57,27,43.9,43.5,28.6,0.5,0.9,0.01,0.01
RS,20231011,10:40:00,9.96,408,10488,924,K2HPO4,174.18,368.4,4,7.7,9,rising,11:06:40,1560,1730,385.2,16.8,7.74648,232.3944,20.028,17.593,682.2537696,121.8108939,7.57,27,43.9,43.5,28.6,0.5,0.9,0.01,0.01
RS,20231011,10:40:00,9.96,408,10488,924,K2HPO4,174.18,368.4,4,7.7,10,rising,11:07:10,1590,1730,384,15.6,7.19316,143.8632,25.4812,23.0462,461.1638299,113.1101158,7.57,27,43.9,43.5,28.6,0.5,0.9,0.01,0.01
RS,20231011,10:40:00,9.96,408,10488,924,K2HPO4,174.18,368.4,4,7.7,11,rising,11:07:30,1610,1730,387,18.6,8.57646,514.5876,20.5934,18.1584,1477.377097,134.8620611,7.57,27,43.9,43.5,28.6,0.5,0.9,0.01,0.01
RS,20231011,10:40:00,9.96,408,10488,924,K2HPO4,174.18,368.4,4,7.7,12,rising,11:08:30,1670,1730,387.3,18.9,8.71479,522.8874,28.2774,25.8424,1833.445365,137.0372557,7.57,27,43.9,43.5,28.6,0.5,0.9,0.01,0.01
RS,20231011,10:40:00,9.96,408,10488,924,K2HPO4,174.18,368.4,4,7.7,13,peak,11:09:30,1730,1730,387.8,19.4,8.94534,1610.1612,31.1982,28.7632,5287.224966,140.6625799,7.57,27,43.9,43.5,28.6,0.5,0.9,0.01,0.01
RS,20231011,10:40:00,9.96,408,10488,924,K2HPO4,174.18,368.4,4,7.7,14,falling,11:12:30,1910,1730,386.4,18,8.2998,580.986,26.1617,23.7267,1907.700122,130.5116721,7.57,27,43.9,43.5,28.6,0.5,0.9,0.01,0.01
RS,20231011,10:40:00,9.96,408,10488,924,K2HPO4,174.18,368.4,4,7.7,15,falling,11:13:40,1980,1730,384.6,16.2,7.46982,896.3784,27.4087,24.9737,9719.05743,117.4605049,7.57,27,43.9,43.5,28.6,0.5,0.9,0.01,0.01
RS,20231011,10:40:00,9.96,408,10488,924,K2HPO4,174.18,368.4,4,7.7,16,falling,11:15:40,2100,1730,384.8,16.4,7.56204,907.4448,122.1929,119.7579,9725.772659,118.9106346,7.57,27,43.9,43.5,28.6,0.5,0.9,0.01,0.01
RS,20231011,10:40:00,9.96,408,10488,924,K2HPO4,174.18,368.4,4,7.7,17,falling,11:17:40,2220,1730,380,11.6,5.34876,641.8512,27.5087,25.0737,2906.008352,84.107522,7.57,27,43.9,43.5,28.6,0.5,0.9,0.01,0.01
RS,20231011,10:40:00,9.96,408,10488,924,K2HPO4,174.18,368.4,4,7.7,18,falling,11:19:40,2340,1730,379.4,11,5.0721,912.978,20.6362,18.2012,3666.756426,79.75713294,7.57,27,43.9,43.5,28.6,0.5,0.9,0.01,0.01
RS,20231011,10:40:00,9.96,408,10488,924,K2HPO4,174.18,368.4,4,7.7,19,falling,11:22:40,2520,1730,374.8,6.4,2.95104,531.1872,20.6362,18.2012,2948.774284,46.40415007,7.57,27,43.9,43.5,28.6,0.5,0.9,0.01,0.01
RS,20231011,10:40:00,9.96,408,10488,924,K2HPO4,174.18,368.4,4,7.7,20,falling,11:25:40,2700,1730,373,4.6,2.12106,381.7908,13.5083,11.0733,1415.083281,33.35298286,7.57,27,43.9,43.5,28.6,0.5,0.9,0.01,0.01
RS,20231011,10:40:00,9.96,408,10488,924,K2HPO4,174.18,368.4,4,7.7,21,falling,11:28:40,2880,1730,371.8,3.4,1.56774,376.2576,5.4102,2.9752,1475.456542,24.65220473,7.57,27,43.9,43.5,28.6,0.5,0.9,0.01,0.01
RS,20231011,10:40:00,9.96,408,10488,924,K2HPO4,174.18,368.4,4,7.7,22,falling,11:32:40,3120,1730,370.3,1.9,0.87609,420.5232,10.4457,8.0107,3995.883197,13.77623205,7.57,27,43.9,43.5,28.6,0.5,0.9,0.01,0.01
RS,20231011,10:40:00,9.96,408,10488,924,K2HPO4,174.18,368.4,4,7.7,23,falling,11:40:40,3600,1730,369.4,1,0.4611,0,9.3005,6.8655,0,7.250648449,7.57,27,43.9,43.5,28.6,0.5,0.9,0.01,0.01
SR,20231011,14:06:00,1.5,72,638.9,4.01,K2HPO4,136.09,451,3.04,6.5,4,rising,14:16:00,590,1020,454.6,3.6,1.69416,50.8248,6.1538,0.7852,0.074236,2.425842,7.8,26,50,39.6,,,,,
SR,20231011,14:06:00,1.5,72,638.9,4.01,K2HPO4,136.09,451,3.04,6.5,5,rising,14:16:30,620,1020,460,9,4.2354,84.708,7.435,0.931667,0.067644,6.064606,7.8,26,50,39.6,,,,,
SR,20231011,14:06:00,1.5,72,638.9,4.01,K2HPO4,136.09,451,3.04,6.5,6,rising,14:16:50,640,1020,470,19,8.9414,178.828,7.9183,1.414967,-0.035873,12.803057,7.8,26,50,39.6,,,,,
SR,20231011,14:06:00,1.5,72,638.9,4.01,K2HPO4,136.09,451,3.04,6.5,7,rising,14:17:10,660,1020,483.3,32.3,15.20038,304.0076,3.8439,-2.659433,-0.001187,21.765197,7.8,26,50,39.6,,,,,
SR,20231011,14:06:00,1.5,72,638.9,4.01,K2HPO4,136.09,451,3.04,6.5,8,rising,14:17:30,680,1020,500,49,23.0594,461.188,9.1216,2.618267,0.144895,33.01841,7.8,26,50,39.6,,,,,
SR,20231011,14:06:00,1.5,72,638.9,4.01,K2HPO4,136.09,451,3.04,6.5,9,rising,14:17:50,700,1020,526,75,35.295,705.9,8.9116,2.408267,1.857847,50.538383,7.8,26,50,39.6,,,,,
SR,20231011,14:06:00,1.5,72,638.9,4.01,K2HPO4,136.09,451,3.04,6.5,10,rising,14:18:10,720,1020,547,96,45.1776,903.552,68.5455,62.042167,1.877618,64.68913,7.8,26,50,39.6,,,,,
SR,20231011,14:06:00,1.5,72,638.9,4.01,K2HPO4,136.09,451,3.04,6.5,11,rising,14:18:30,740,1020,565,114,53.6484,1072.968,9.5975,3.094167,0.111834,76.818342,7.8,26,50,39.6,,,,,
SR,20231011,14:06:00,1.5,72,638.9,4.01,K2HPO4,136.09,451,3.04,6.5,12,rising,14:18:50,760,1020,596,145,68.237,2729.48,7.2888,0.785467,0.195419,97.70754,7.8,26,50,39.6,,,,,
SR,20231011,14:06:00,1.5,72,638.9,4.01,K2HPO4,136.09,451,3.04,6.5,14,rising,14:19:30,800,1020,644,193,90.8258,1816.516,9.1075,2.604167,0.257103,130.052106,7.8,26,50,39.6,,,,,
SR,20231011,14:06:00,1.5,72,638.9,4.01,K2HPO4,136.09,451,3.04,6.5,15,rising,14:19:50,820,1020,673,222,104.4732,2089.464,12.8183,6.314967,0.365808,149.593614,7.8,26,50,39.6,,,,,
SR,20231011,14:06:00,1.5,72,638.9,4.01,K2HPO4,136.09,451,3.04,6.5,16,rising,14:20:10,840,1020,695,244,114.8264,2296.528,12.8786,6.375267,2.028205,164.418206,7.8,26,50,39.6,,,,,
SR,20231011,14:06:00,1.5,72,638.9,4.01,K2HPO4,136.09,451,3.04,6.5,17,rising,14:20:30,860,1020,707,256,120.4736,2409.472,70.4884,63.985067,1.975016,172.504347,7.8,26,50,39.6,,,,,
SR,20231011,14:06:00,1.5,72,638.9,4.01,K2HPO4,136.09,451,3.04,6.5,18,rising,14:20:50,880,1020,735,284,133.6504,2673.008,11.0334,4.530067,0.620492,191.37201,7.8,26,50,39.6,,,,,
SR,20231011,14:06:00,1.5,72,638.9,4.01,K2HPO4,136.09,451,3.04,6.5,19,rising,14:21:10,900,1020,743,292,137.4152,2748.304,23.4987,16.995367,0.787244,196.762771,7.8,26,50,39.6,,,,,
SR,20231011,14:06:00,1.5,72,638.9,4.01,K2HPO4,136.09,451,3.04,6.5,20,rising,14:21:30,920,1020,760,309,145.4154,2908.308,16.8182,10.314867,0.542024,208.218138,7.8,26,50,39.6,,,,,
SR,20231011,14:06:00,1.5,72,638.9,4.01,K2HPO4,136.09,451,3.04,6.5,21,rising,14:21:50,940,1020,768,317,149.1802,2983.604,14.9918,8.488467,0.623112,213.608899,7.8,26,50,39.6,,,,,
SR,20231011,14:06:00,1.5,72,638.9,4.01,K2HPO4,136.09,451,3.04,6.5,22,rising,14:22:10,960,1020,773,322,151.5332,4545.996,19.6312,13.127867,1.044733,216.978124,7.8,26,50,39.6,,,,,
SR,20231011,14:06:00,1.5,72,638.9,4.01,K2HPO4,136.09,451,3.04,6.5,23,rising,14:22:40,990,1020,778,327,153.8862,4616.586,17.5373,11.033967,0.989119,220.34735,7.8,26,50,39.6,,,,,
SR,20231011,14:06:00,1.5,72,638.9,4.01,K2HPO4,136.09,451,3.04,6.5,24,peak,14:23:10,1020,1020,779,328,154.3568,9261.408,18.345,11.841667,1.595244,221.021195,7.8,26,50,39.6,,,,,
SR,20231011,14:06:00,1.5,72,638.9,4.01,K2HPO4,136.09,451,3.04,6.5,25,falling,14:24:10,1080,1020,767,316,148.7096,8922.576,13.1085,6.605167,1.286449,212.935054,7.8,26,50,39.6,,,,,
SR,20231011,14:06:00,1.5,72,638.9,4.01,K2HPO4,136.09,451,3.04,6.5,26,falling,14:25:10,1140,1020,746,295,138.827,2776.54,14.7742,8.270867,2.15442,198.784307,7.8,26,50,39.6,,,,,
SR,20231011,14:06:00,1.5,72,638.9,4.01,K2HPO4,136.09,451,3.04,6.5,27,falling,14:25:30,1160,1020,736,285,134.121,4023.63,72.9713,66.467967,3.726859,192.045855,7.8,26,50,39.6,,,,,
SR,20231011,14:06:00,1.5,72,638.9,4.01,K2HPO4,136.09,451,3.04,6.5,28,falling,14:26:00,1190,1020,722,271,127.5326,3825.978,26.2275,19.724167,1.54742,182.612024,7.8,26,50,39.6,,,,,
SR,20231011,14:06:00,1.5,72,638.9,4.01,K2HPO4,136.09,451,3.04,6.5,29,falling,14:26:30,1220,1020,704,253,119.0618,3571.854,22.5668,16.063467,1.036275,170.482812,7.8,26,50,39.6,,,,,
SR,20231011,14:06:00,1.5,72,638.9,4.01,K2HPO4,136.09,451,3.04,6.5,30,falling,14:27:00,1250,1020,693,242,113.8852,153745.02,14.4061,7.902767,11.166355,163.070516,7.8,26,50,39.6,,,,,
SR,20231011,14:06:00,1.5,72,638.9,4.01,K2HPO4,136.09,451,3.04,6.5,31,falling,14:49:30,2600,1020,455.4,4.4,2.07064,0,4.3394,-2.163933,0,2.964918,7.8,26,50,39.6,,,,,