event_id,datetime,time_since_release_s,full_range_uscm,temp_c,spc_uscm,background_drift_uscm,spc_corr_uscm,nacl_mgL,background_anchor_end,flag_truncated_tail
RA_20230906_N,2023-09-06T19:45:49Z,49,530.1,28.25,497.7464788732395,497.7464788732395,0,0,post_peak_min,TRUE
RA_20230906_N,2023-09-06T19:46:19Z,79,530.1,28.25,497.7464788732395,497.72255961007164,0.023919263167840654,0.011029172246691326,post_peak_min,TRUE
RA_20230906_N,2023-09-06T19:46:49Z,109,530.1,28.25,497.7464788732395,497.69864034690386,0.047838526335624465,0.02205834449335644,post_peak_min,TRUE
RA_20230906_N,2023-09-06T19:47:19Z,139,530.1,28.25,497.7464788732395,497.674721083736,0.07175778950346512,0.03308751674004777,post_peak_min,TRUE
RA_20230906_N,2023-09-06T19:47:49Z,169,530.1,28.25,497.7464788732395,497.6508018205682,0.09567705267130577,0.044116688986739094,post_peak_min,TRUE
RA_20230906_N,2023-09-06T19:48:19Z,199,530.1,28.25,497.7464788732395,497.6268825574004,0.11959631583908958,0.05514586123340421,post_peak_min,TRUE
RA_20230906_N,2023-09-06T19:48:49Z,229,530.1,28.25,497.7464788732395,497.60296329423255,0.14351557900693024,0.06617503348009554,post_peak_min,TRUE
RA_20230906_N,2023-09-06T19:49:19Z,259,530.1,28.24,497.839969947408,497.5790440310647,0.26092591634329665,0.12031294002589409,post_peak_min,TRUE
RA_20230906_N,2023-09-06T19:49:49Z,289,529.7,28.24,497.4643125469572,497.5551247678969,-0.09081222093971064,0,post_peak_min,TRUE
RA_20230906_N,2023-09-06T19:50:19Z,319,530.1,28.25,497.7464788732395,497.5312055047291,0.21527336851039536,0.0992625502201433,post_peak_min,TRUE
RA_20230906_N,2023-09-06T19:50:49Z,349,530.1,28.25,497.7464788732395,497.50728624156125,0.239192631678236,0.11029172246683462,post_peak_min,TRUE
RA_20230906_N,2023-09-06T19:51:19Z,379,530.5,28.25,498.1220657276996,497.48336697839346,0.6386987493061156,0.2945039933050499,post_peak_min,TRUE
RA_20230906_N,2023-09-06T19:51:49Z,409,530.8000000000001,28.26,498.3101764926776,497.4594477152256,0.8507287774519909,0.392271039283113,post_peak_min,TRUE
RA_20230906_N,2023-09-06T19:52:19Z,439,530.5,28.26,498.02853924145705,497.43552845205784,0.5930107893992158,0.2734372749919784,post_peak_min,TRUE
RA_20230906_N,2023-09-06T19:52:49Z,469,530.9,28.25,498.4976525821596,497.41160918889,1.0860433932696196,0.5007746086366216,post_peak_min,TRUE
RA_20230906_N,2023-09-06T19:53:19Z,499,522.9,28.23,491.1703926357318,497.38768992572216,-6.21729728999037,0,post_peak_min,TRUE
RA_20230906_N,2023-09-06T19:53:49Z,529,520.9,28.23,489.2917527709938,497.3637706625544,-8.072017891560563,0,post_peak_min,TRUE
RA_20230906_N,2023-09-06T19:54:19Z,559,520.1,28.23,488.54029682509866,497.33985139938653,-8.799554574287868,0,post_peak_min,TRUE
RA_20230906_N,2023-09-06T19:54:49Z,589,519.7,28.23,488.1645688521511,497.3159321362187,-9.1513632840676,0,post_peak_min,TRUE
RA_20230906_N,2023-09-06T19:55:19Z,619,519.7,28.21,488.3480548769029,497.2920128730509,-8.943957996148015,0,post_peak_min,TRUE
RA_20230906_N,2023-09-06T19:55:49Z,649,519.7,28.21,488.3480548769029,497.26809360988307,-8.920038732980174,0,post_peak_min,TRUE
RA_20230906_N,2023-09-06T19:56:19Z,679,518.9,28.2,487.687969924812,497.2441743467152,-9.556204421903203,0,post_peak_min,TRUE
RA_20230906_N,2023-09-06T19:56:49Z,709,518.5,28.2,487.3120300751879,497.22025508354744,-9.908225008359523,0,post_peak_min,TRUE
RA_20230906_N,2023-09-06T19:57:19Z,739,518.1,28.19,487.02763677382967,497.1963358203796,-10.168699046549932,0,post_peak_min,TRUE
RA_20230906_N,2023-09-06T19:57:49Z,769,518.1,28.19,487.02763677382967,497.17241655721176,-10.144779783382091,0,post_peak_min,TRUE
RA_20230906_N,2023-09-06T19:58:19Z,799,517.8000000000001,28.19,486.7456288776086,497.148497294044,-10.402868416435354,0,post_peak_min,TRUE
RA_20230906_N,2023-09-06T19:58:49Z,829,517.8000000000001,28.19,486.7456288776086,497.12457803087614,-10.378949153267513,0,post_peak_min,TRUE
RA_20230906_N,2023-09-06T19:59:19Z,859,517.8000000000001,28.19,486.7456288776086,497.1006587677083,-10.355029890099672,0,post_peak_min,TRUE
RA_20230906_N,2023-09-06T19:59:49Z,889,517.4,28.18,486.46107559232786,497.0767395045405,-10.615663912212653,0,post_peak_min,TRUE
RA_20230906_N,2023-09-06T20:00:19Z,919,517.4,28.19,486.3696183493137,497.0528202413727,-10.683201892058946,0,post_peak_min,TRUE
RA_20230906_N,2023-09-06T20:00:49Z,949,517,28.19,485.99360782101894,497.02890097820483,-11.03529315718589,0,post_peak_min,TRUE
RA_20230906_N,2023-09-06T20:01:19Z,979,516.9,28.2,485.8082706766917,497.00498171503705,-11.19671103834537,0,post_peak_min,TRUE
RA_20230906_N,2023-09-06T20:01:49Z,1009,516.9,28.2,485.8082706766917,496.9810624518692,-11.17279177517753,0,post_peak_min,TRUE
RA_20230906_N,2023-09-06T20:02:19Z,1039,516.9,28.2,485.8082706766917,496.95714318870137,-11.148872512009689,0,post_peak_min,TRUE
RA_20230906_N,2023-09-06T20:02:49Z,1069,516.5,28.2,485.4323308270676,496.9332239255336,-11.500893098466008,0,post_peak_min,TRUE
RA_20230906_N,2023-09-06T20:03:19Z,1099,516.5,28.2,485.4323308270676,496.90930466236574,-11.476973835298168,0,post_peak_min,TRUE
RA_20230906_N,2023-09-06T20:03:49Z,1129,516.5,28.2,485.4323308270676,496.8853853991979,-11.453054572130327,0,post_peak_min,TRUE
RA_20230906_N,2023-09-06T20:04:19Z,1159,516.5,28.21,485.3411012967487,496.8614661360301,-11.520364839281399,0,post_peak_min,TRUE
RA_20230906_N,2023-09-06T20:04:49Z,1189,516.1,28.21,484.96523209922947,496.8375468728623,-11.872314773632809,0,post_peak_min,TRUE
RA_20230906_N,2023-09-06T20:05:19Z,1219,516.1,28.21,484.96523209922947,496.8136276096945,-11.848395510465025,0,post_peak_min,TRUE
RA_20230906_N,2023-09-06T20:05:49Z,1249,516.1,28.21,484.96523209922947,496.78970834652665,-11.824476247297184,0,post_peak_min,TRUE
RA_20230906_N,2023-09-06T20:06:19Z,1279,515.7,28.21,484.5893629017102,496.7657890833588,-12.176426181648594,0,post_peak_min,TRUE
RA_20230906_N,2023-09-06T20:06:49Z,1309,516.1,28.21,484.96523209922947,496.741869820191,-11.77663772096156,0,post_peak_min,TRUE
RA_20230906_N,2023-09-06T20:07:19Z,1339,515.3000000000001,28.21,484.21349370419097,496.7179505570232,-12.50445685283222,0,post_peak_min,TRUE
RA_20230906_N,2023-09-06T20:07:49Z,1369,515.7,28.21,484.5893629017102,496.69403129385535,-12.104668392145129,0,post_peak_min,TRUE
RA_20230906_N,2023-09-06T20:08:19Z,1399,515.4,28.2,484.39849624060145,496.67011203068756,-12.271615790086116,0,post_peak_min,TRUE
RA_20230906_N,2023-09-06T20:08:49Z,1429,515.4,28.19,484.48956570783974,496.6461927675197,-12.156627059679977,0,post_peak_min,TRUE
RA_20230906_N,2023-09-06T20:09:19Z,1459,515.8000000000001,28.19,484.86557623613464,496.6222735043519,-11.756697268217238,0,post_peak_min,TRUE
RA_20230906_N,2023-09-06T20:09:49Z,1489,515.8000000000001,28.19,484.86557623613464,496.5983542411841,-11.732778005049454,0,post_peak_min,TRUE
RA_20230906_N,2023-09-06T20:10:19Z,1519,515.8000000000001,28.19,484.86557623613464,496.57443497801626,-11.708858741881613,0,post_peak_min,TRUE
RA_20230906_N,2023-09-06T20:10:49Z,1549,515.8000000000001,28.17,485.04795937558777,496.5505157148484,-11.50255633926065,0,post_peak_min,TRUE
RA_20230906_N,2023-09-06T20:11:19Z,1579,515.4,28.14,484.945427173504,496.52659645168063,-11.581169278176617,0,post_peak_min,TRUE
RA_20230906_N,2023-09-06T20:11:49Z,1609,515,28.12,484.7515060240964,496.5026771885128,-11.751171164416405,0,post_peak_min,TRUE
RA_20230906_N,2023-09-06T20:12:19Z,1639,515,28.12,484.7515060240964,496.47875792534495,-11.727251901248565,0,post_peak_min,TRUE
RA_20230906_N,2023-09-06T20:12:49Z,1669,514.2,28.12,483.99849397590367,496.45483866217717,-12.456344686273496,0,post_peak_min,TRUE
RA_20230906_N,2023-09-06T20:13:19Z,1699,515,28.1,484.93408662900185,496.4309193990093,-11.496832770007472,0,post_peak_min,TRUE
RA_20230906_N,2023-09-06T20:13:49Z,1729,514.6,28.1,484.5574387947269,496.4070001358415,-11.849561341114565,0,post_peak_min,TRUE
RA_20230906_N,2023-09-06T20:14:19Z,1759,514.6,28.09,484.64870973818046,496.3830808726737,-11.734371134493244,0,post_peak_min,TRUE
RA_20230906_N,2023-09-06T20:14:49Z,1789,514.6,28.09,484.64870973818046,496.35916160950586,-11.710451871325404,0,post_peak_min,TRUE
RA_20230906_N,2023-09-06T20:15:19Z,1819,514.2,28.09,484.2719909587493,496.335242346338,-12.063251387588707,0,post_peak_min,TRUE
RA_20230906_N,2023-09-06T20:15:49Z,1849,514.6,28.08,484.7400150715901,496.31132308317024,-11.571308011580129,0,post_peak_min,TRUE
RA_20230906_N,2023-09-06T20:16:19Z,1879,514.6,28.08,484.7400150715901,496.2874038200024,-11.547388748412288,0,post_peak_min,TRUE
RA_20230906_N,2023-09-06T20:16:49Z,1909,514.6,28.08,484.7400150715901,496.26348455683456,-11.523469485244448,0,post_peak_min,TRUE
RA_20230906_N,2023-09-06T20:17:19Z,1939,514.6,28.08,484.7400150715901,496.23956529366677,-11.499550222076664,0,post_peak_min,TRUE
RA_20230906_N,2023-09-06T20:17:49Z,1969,514.6,28.08,484.7400150715901,496.21564603049893,-11.475630958908823,0,post_peak_min,TRUE
RA_20230906_N,2023-09-06T20:18:19Z,1999,514.6,28.07,484.83135481439615,496.19172676733115,-11.360371952934997,0,post_peak_min,TRUE
RA_20230906_N,2023-09-06T20:18:49Z,2029,514.6,28.07,484.83135481439615,496.1678075041633,-11.336452689767157,0,post_peak_min,TRUE
RA_20230906_N,2023-09-06T20:19:19Z,2059,514.6,28.07,484.83135481439615,496.14388824099547,-11.312533426599316,0,post_peak_min,TRUE
RA_20230906_N,2023-09-06T20:19:49Z,2089,513.8000000000001,28.06,484.1688654353562,496.1199689778277,-11.951103542471458,0,post_peak_min,TRUE
RA_20230906_N,2023-09-06T20:20:19Z,2119,513.4,28.06,483.79193366000743,496.09604971465984,-12.304116054652411,0,post_peak_min,TRUE
RA_20230906_N,2023-09-06T20:20:49Z,2149,513.8000000000001,28.06,484.1688654353562,496.072130451492,-11.903265016135776,0,post_peak_min,TRUE
RA_20230906_N,2023-09-06T20:21:19Z,2179,513.4,28.06,483.79193366000743,496.0482111883242,-12.256277528316787,0,post_peak_min,TRUE
RA_20230906_N,2023-09-06T20:21:49Z,2209,513.5,28.04,484.0686274509804,496.0242919251564,-11.95566447417599,0,post_peak_min,TRUE
RA_20230906_N,2023-09-06T20:22:19Z,2239,513.5,28.04,484.0686274509804,496.00037266198854,-11.931745211008149,0,post_peak_min,TRUE
RA_20230906_N,2023-09-06T20:22:49Z,2269,513.5,28.04,484.0686274509804,495.97645339882075,-11.907825947840365,0,post_peak_min,TRUE
RA_20230906_N,2023-09-06T20:23:19Z,2299,513.5,28.04,484.0686274509804,495.9525341356529,-11.883906684672525,0,post_peak_min,TRUE
RA_20230906_N,2023-09-06T20:23:49Z,2329,513.5,28.04,484.0686274509804,495.92861487248507,-11.859987421504684,0,post_peak_min,TRUE
RA_20230906_N,2023-09-06T20:24:19Z,2359,513.5,28.03,484.1599094851971,495.9046956093173,-11.744786124120196,0,post_peak_min,TRUE
RA_20230906_N,2023-09-06T20:24:49Z,2389,513.1,28.03,483.78276447293985,495.88077634614945,-12.0980118732096,0,post_peak_min,TRUE
RA_20230906_N,2023-09-06T20:25:19Z,2419,513.1,28.03,483.78276447293985,495.8568570829816,-12.07409261004176,0,post_peak_min,TRUE
RA_20230906_N,2023-09-06T20:25:49Z,2449,512.7,28.03,483.40561946068266,495.8329378198138,-12.427318359131164,0,post_peak_min,TRUE
RA_20230906_N,2023-09-06T20:26:19Z,2479,512.7,28.02,483.4967936627688,495.809018556646,-12.312224893877158,0,post_peak_min,TRUE
RA_20230906_N,2023-09-06T20:26:49Z,2509,512.7,28.02,483.4967936627688,495.78509929347814,-12.288305630709317,0,post_peak_min,TRUE
RA_20230906_N,2023-09-06T20:27:19Z,2539,512.7,28.01,483.58800226372387,495.76118003031036,-12.173177766586491,0,post_peak_min,TRUE
RA_20230906_N,2023-09-06T20:27:49Z,2569,512.7,28.01,483.58800226372387,495.7372607671425,-12.14925850341865,0,post_peak_min,TRUE
RA_20230906_N,2023-09-06T20:28:19Z,2599,512.7,28.01,483.58800226372387,495.7133415039747,-12.12533924025081,0,post_peak_min,TRUE
RA_20230906_N,2023-09-06T20:28:49Z,2629,512.3000000000001,28.01,483.2107149594417,495.6894222408069,-12.478707281365189,0,post_peak_min,TRUE
RA_20230906_N,2023-09-06T20:29:19Z,2659,511.9,28.01,482.8334276551594,495.66550297763905,-12.832075322479625,0,post_peak_min,TRUE
RA_20230906_N,2023-09-06T20:29:49Z,2689,512.3000000000001,27.99,483.393093036422,495.6415837144712,-12.248490678049222,0,post_peak_min,TRUE
RA_20230906_N,2023-09-06T20:30:19Z,2719,511.9,27.99,483.01566333270426,495.6176644513034,-12.602001118599162,0,post_peak_min,TRUE
RA_20230906_N,2023-09-06T20:30:49Z,2749,511.9,27.99,483.01566333270426,495.5937451881356,-12.578081855431321,0,post_peak_min,TRUE
RA_20230906_N,2023-09-06T20:31:19Z,2779,512.3000000000001,27.99,483.393093036422,495.5698259249678,-12.176732888545814,0,post_peak_min,TRUE
RA_20230906_N,2023-09-06T20:31:49Z,2809,512.3000000000001,27.98,483.4843337108343,495.54590666179996,-12.061572950965683,0,post_peak_min,TRUE
RA_20230906_N,2023-09-06T20:32:19Z,2839,512.3000000000001,27.98,483.4843337108343,495.5219873986321,-12.037653687797842,0,post_peak_min,TRUE
RA_20230906_N,2023-09-06T20:32:49Z,2869,512.3000000000001,27.98,483.4843337108343,495.49806813546434,-12.013734424630059,0,post_peak_min,TRUE
RA_20230906_N,2023-09-06T20:33:19Z,2899,512.7,27.97,483.9531810458751,495.4741488722965,-11.520967826421384,0,post_peak_min,TRUE
RA_20230906_N,2023-09-06T20:33:49Z,2929,513.1,27.97,484.3307532565604,495.45022960912866,-11.119476352568256,0,post_peak_min,TRUE
RA_20230906_N,2023-09-06T20:34:19Z,2959,513.1,27.97,484.3307532565604,495.42631034596087,-11.095557089400472,0,post_peak_min,TRUE
RA_20230906_N,2023-09-06T20:34:49Z,2989,513.5,27.97,484.7083254672457,495.40239108279303,-10.694065615547345,0,post_peak_min,TRUE
RA_20230906_N,2023-09-06T20:35:19Z,3019,514.3000000000001,27.96,485.5551359516617,495.3784718196252,-9.823335867963465,0,post_peak_min,TRUE
RA_20230906_N,2023-09-06T20:35:49Z,3049,515.1,27.96,486.31042296072513,495.3545525564574,-9.044129595732272,0,post_peak_min,TRUE
RA_20230906_N,2023-09-06T20:36:19Z,3079,516.3000000000001,27.95,487.5354107648726,495.33063329328957,-7.795222528416957,0,post_peak_min,TRUE
RA_20230906_N,2023-09-06T20:36:49Z,3109,518.3000000000001,27.95,489.4239848914071,495.3067140301217,-5.882729138714637,0,post_peak_min,TRUE
RA_20230906_N,2023-09-06T20:37:19Z,3139,521.1,27.93,492.2539202720575,495.28279476695394,-3.0288744948964563,0,post_peak_min,TRUE
RA_20230906_N,2023-09-06T20:37:49Z,3169,523.9,27.93,494.898923105989,495.2588755037861,-0.35995239779708754,0,post_peak_min,TRUE
RA_20230906_N,2023-09-06T20:38:19Z,3199,526.3000000000001,27.92,497.2600151171581,495.23495624061826,2.0250588765398447,0.9337546479725224,post_peak_min,TRUE
RA_20230906_N,2023-09-06T20:38:49Z,3229,527.9,27.92,498.771730914588,495.2110369774505,3.5606939371375006,1.6418359744141016,post_peak_min,TRUE
RA_20230906_N,2023-09-06T20:39:19Z,3259,529.9,27.92,500.6613756613757,495.18711771428264,5.474257947093065,2.5241803394046123,post_peak_min,TRUE
RA_20230906_N,2023-09-06T20:39:49Z,3289,530.6,27.92,501.32275132275134,495.1631984511148,6.159552871636549,2.840169829111613,post_peak_min,TRUE
RA_20230906_N,2023-09-06T20:40:19Z,3319,531.8000000000001,27.92,502.45653817082393,495.139279187947,7.317258982876922,3.373988117004549,post_peak_min,TRUE
RA_20230906_N,2023-09-06T20:40:49Z,3349,533,27.91,503.6855036855037,495.11535992477917,8.570143760724534,3.9516932880700826,post_peak_min,TRUE
RA_20230906_N,2023-09-06T20:41:19Z,3379,533.4,27.91,504.063504063504,495.09144066161133,8.972063401892683,4.137018434612716,post_peak_min,TRUE
RA_20230906_N,2023-09-06T20:41:49Z,3409,534.6,27.91,505.1975051975052,495.06752139844355,10.129983799061677,4.670935529747339,post_peak_min,TRUE
RA_20230906_N,2023-09-06T20:42:19Z,3439,535.4,27.91,505.9535059535059,495.0436021352757,10.909903818230191,5.030556650585941,post_peak_min,TRUE
RA_20230906_N,2023-09-06T20:42:49Z,3469,535.8000000000001,27.9,506.4272211720227,495.01968287210786,11.407538299914847,5.260015910090736,post_peak_min,TRUE
RA_20230906_N,2023-09-06T20:43:19Z,3499,536.2,27.9,506.8052930056711,494.9957636089401,11.809529396731023,5.445374004832675,post_peak_min,TRUE
RA_20230906_N,2023-09-06T20:43:49Z,3529,537,27.9,507.56143667296783,494.97184434577224,12.58959232719559,5.805061022069887,post_peak_min,TRUE
RA_20230906_N,2023-09-06T20:44:19Z,3559,537.4,27.9,507.9395085066162,494.94792508260446,12.991583424011765,5.990419116811825,post_peak_min,TRUE
RA_20230906_N,2023-09-06T20:44:49Z,3589,537.4,27.9,507.9395085066162,494.9240058194366,13.015502687179605,6.001448289058517,post_peak_min,TRUE
RA_20230906_N,2023-09-06T20:45:19Z,3619,538.2,27.88,508.88804841149783,494.9000865562688,13.98796185522906,6.44984921144612,post_peak_min,TRUE
RA_20230906_N,2023-09-06T20:45:49Z,3649,537.8000000000001,27.88,508.50983358547666,494.876167293101,13.633666292375665,6.286483527414419,post_peak_min,TRUE
RA_20230906_N,2023-09-06T20:46:19Z,3679,537.4,27.88,508.1316187594554,494.85224802993315,13.27937072952227,6.123117843382719,post_peak_min,TRUE
RA_20230906_N,2023-09-06T20:46:49Z,3709,537.5,27.87,508.3222999810856,494.8283287667653,13.493971214320311,6.222070126923096,post_peak_min,TRUE
RA_20230906_N,2023-09-06T20:47:19Z,3739,537.1,27.87,507.94401361830904,494.8044095035975,13.139604114711517,6.058671457293481,post_peak_min,TRUE
RA_20230906_N,2023-09-06T20:47:49Z,3769,537.1,27.87,507.94401361830904,494.7804902404297,13.163523377879358,6.069700629540172,post_peak_min,TRUE
RA_20230906_N,2023-09-06T20:48:19Z,3799,536.7,27.87,507.5657272555324,494.75657097726184,12.809156278270564,5.906301959910557,post_peak_min,TRUE
RA_20230906_N,2023-09-06T20:48:49Z,3829,536.3000000000001,27.86,507.2833900870224,494.73265171409406,12.550738372928322,5.787145463757249,post_peak_min,TRUE
RA_20230906_N,2023-09-06T20:49:19Z,3859,536.3000000000001,27.86,507.2833900870224,494.7087324509262,12.574657636096163,5.798174636003941,post_peak_min,TRUE
RA_20230906_N,2023-09-06T20:49:49Z,3889,535.9,27.86,506.9050321604238,494.6848131877584,12.220218972665407,5.6347429682960195,post_peak_min,TRUE
RA_20230906_N,2023-09-06T20:50:19Z,3919,535.5,27.86,506.5266742338253,494.6608939245906,11.865780309234708,5.471311300588124,post_peak_min,TRUE
RA_20230906_N,2023-09-06T20:50:49Z,3949,535.1,27.85,506.2440870387891,494.63697466142276,11.60711237736632,5.35203951720361,post_peak_min,TRUE
RA_20230906_N,2023-09-06T20:51:19Z,3979,534.7,27.85,505.8656575212867,494.6130553982549,11.252602123031807,5.188574838929966,post_peak_min,TRUE
RA_20230906_N,2023-09-06T20:51:49Z,4009,534.3000000000001,27.85,505.4872280037844,494.58913613508713,10.898091868697293,5.025110160656322,post_peak_min,TRUE
RA_20230906_N,2023-09-06T20:52:19Z,4039,533.9,27.85,505.1087984862819,494.5652168719193,10.543581614362608,4.861645482382599,post_peak_min,TRUE
RA_20230906_N,2023-09-06T20:52:49Z,4069,533.5,27.84,504.82588947766845,494.54129760875145,10.284591868917005,4.742225310757631,post_peak_min,TRUE
RA_20230906_N,2023-09-06T20:53:19Z,4099,533.5,27.84,504.82588947766845,494.51737834558367,10.308511132084789,4.753254483004296,post_peak_min,TRUE
RA_20230906_N,2023-09-06T20:53:49Z,4129,533.1,27.84,504.4473883421651,494.4934590824158,9.953929259749259,4.589756781670383,post_peak_min,TRUE
RA_20230906_N,2023-09-06T20:54:19Z,4159,533.1,27.84,504.4473883421651,494.469539819248,9.9778485229171,4.600785953917074,post_peak_min,TRUE
RA_20230906_N,2023-09-06T20:54:49Z,4189,532.7,27.84,504.06888720666166,494.4456205560802,9.623266650581456,4.43728825258311,post_peak_min,TRUE
RA_20230906_N,2023-09-06T20:55:19Z,4219,532.7,27.84,504.06888720666166,494.42170129291236,9.647185913749297,4.448317424829801,post_peak_min,TRUE
RA_20230906_N,2023-09-06T20:55:49Z,4249,531.9,27.82,503.5024611889436,494.3977820297445,9.104679159199065,4.198167560306689,post_peak_min,TRUE
RA_20230906_N,2023-09-06T20:56:19Z,4279,531.5,27.82,503.1238167360848,494.37386276657674,8.749953969508056,4.034603775340164,post_peak_min,TRUE
RA_20230906_N,2023-09-06T20:56:49Z,4309,531.5,27.82,503.1238167360848,494.3499435034089,8.773873232675896,4.0456329475868555,post_peak_min,TRUE
RA_20230906_N,2023-09-06T20:57:19Z,4339,531.5,27.82,503.1238167360848,494.3260242402411,8.79779249584368,4.056662119833521,post_peak_min,TRUE
RA_20230906_N,2023-09-06T20:57:49Z,4369,531.5,27.82,503.1238167360848,494.30210497707327,8.82171175901152,4.067691292080212,post_peak_min,TRUE
RA_20230906_N,2023-09-06T20:58:19Z,4399,531.5,27.81,503.21908729407306,494.27818571390543,8.940901580167633,4.122649718615296,post_peak_min,TRUE
RA_20230906_N,2023-09-06T20:58:49Z,4429,530.7,27.81,502.4616549895853,494.25426645073765,8.207388538847681,3.784426855262666,post_peak_min,TRUE
RA_20230906_N,2023-09-06T20:59:19Z,4459,530.7,27.81,502.4616549895853,494.2303471875698,8.231307802015522,3.795456027509357,post_peak_min,TRUE
RA_20230906_N,2023-09-06T20:59:49Z,4489,530.3000000000001,27.81,502.0829388373415,494.20642792440196,7.876510912939523,3.631859181956414,post_peak_min,TRUE
RA_20230906_N,2023-09-06T21:00:19Z,4519,530.7,27.8,502.5568181818182,494.1825086612342,8.374309520584006,3.8613941199412856,post_peak_min,TRUE
RA_20230906_N,2023-09-06T21:00:49Z,4549,530.3000000000001,27.81,502.0829388373415,494.15858939806634,7.924349439275147,3.6539175264497703,post_peak_min,TRUE
RA_20230906_N,2023-09-06T21:01:19Z,4579,529.9,27.81,501.7042226850975,494.1346701348985,7.569552550198978,3.490320680896749,post_peak_min,TRUE
RA_20230906_N,2023-09-06T21:01:49Z,4609,530.3000000000001,27.8,502.1780303030304,494.1107508717307,8.06727943129971,3.7198225457722964,post_peak_min,TRUE
RA_20230906_N,2023-09-06T21:02:19Z,4639,530.3000000000001,27.81,502.0829388373415,494.0868316085629,7.996107228778612,3.687005043189818,post_peak_min,TRUE
RA_20230906_N,2023-09-06T21:02:49Z,4669,529.9,27.8,501.7992424242424,494.06291234539503,7.736330078847345,3.567221799356511,post_peak_min,TRUE
RA_20230906_N,2023-09-06T21:03:19Z,4699,529.9,27.8,501.7992424242424,494.03899308222725,7.760249342015129,3.5782509716031763,post_peak_min,TRUE
RA_20230906_N,2023-09-06T21:03:49Z,4729,529.9,27.8,501.7992424242424,494.0150738190594,7.78416860518297,3.5892801438498676,post_peak_min,TRUE
RA_20230906_N,2023-09-06T21:04:19Z,4759,529.9,27.8,501.7992424242424,493.99115455589157,7.80808786835081,3.600309316096559,post_peak_min,TRUE
RA_20230906_N,2023-09-06T21:04:49Z,4789,529.1,27.8,501.0416666666667,493.9672352927238,7.0744313739429,3.2620203065250712,post_peak_min,TRUE
RA_20230906_N,2023-09-06T21:05:19Z,4819,528.7,27.8,500.6628787878788,493.94331602955594,6.719562758322866,3.0983903878626733,post_peak_min,TRUE
RA_20230906_N,2023-09-06T21:05:49Z,4849,528.7,27.79,500.7577192650123,493.9193967663881,6.838322498624223,3.153150504115629,post_peak_min,TRUE
RA_20230906_N,2023-09-06T21:06:19Z,4879,528.3000000000001,27.79,500.3788596325062,493.8954775032203,6.4833821292858715,2.9894874998137153,post_peak_min,TRUE
RA_20230906_N,2023-09-06T21:06:49Z,4909,528.3000000000001,27.77,500.5685048322912,493.8715582400525,6.696946592238703,3.087962073681266,post_peak_min,TRUE
RA_20230906_N,2023-09-06T21:07:19Z,4939,527.5,27.79,499.6211403674938,493.84763897688464,5.7735013906091694,2.662161491209888,post_peak_min,TRUE
RA_20230906_N,2023-09-06T21:07:49Z,4969,527.5,27.77,499.8104983892364,493.82371971371686,5.986778675519531,2.760503647282056,post_peak_min,TRUE
RA_20230906_N,2023-09-06T21:08:19Z,4999,527.5,27.77,499.8104983892364,493.799800450549,6.010697938687372,2.771532819528747,post_peak_min,TRUE
RA_20230906_N,2023-09-06T21:08:49Z,5029,527.5,27.77,499.8104983892364,493.7758811873812,6.0346172018552124,2.7825619917754385,post_peak_min,TRUE
RA_20230906_N,2023-09-06T21:09:19Z,5059,526.7,27.77,499.0524919461817,493.7519619242134,5.300530021968314,2.4440743931295894,post_peak_min,TRUE
RA_20230906_N,2023-09-06T21:09:49Z,5089,526.3000000000001,27.77,498.67348872465425,493.72804266104555,4.945446063608699,2.2803451799299714,post_peak_min,TRUE
RA_20230906_N,2023-09-06T21:10:19Z,5119,526.3000000000001,27.77,498.67348872465425,493.70412339787777,4.969365326776483,2.2913743521766365,post_peak_min,TRUE
RA_20230906_N,2023-09-06T21:10:49Z,5149,526,27.76,498.4836997725549,493.6802041347099,4.803495637845003,2.214891838610331,post_peak_min,TRUE
RA_20230906_N,2023-09-06T21:11:19Z,5179,526,27.76,498.4836997725549,493.6562848715421,4.827414901012844,2.2259210108570224,post_peak_min,TRUE
RA_20230906_N,2023-09-06T21:11:49Z,5209,525.6,27.76,498.10462471569366,493.6323656083743,4.47225910731936,2.062158674384957,post_peak_min,TRUE
RA_20230906_N,2023-09-06T21:12:19Z,5239,525.6,27.76,498.10462471569366,493.60844634520646,4.4961783704872005,2.0731878466316482,post_peak_min,TRUE
RA_20230906_N,2023-09-06T21:12:49Z,5269,525.6,27.76,498.10462471569366,493.5845270820386,4.520097633655041,2.0842170188783395,post_peak_min,TRUE
RA_20230906_N,2023-09-06T21:13:19Z,5299,524.8000000000001,27.76,497.3464746019712,493.56060781887084,3.785866783100346,1.7456631736875694,post_peak_min,TRUE
RA_20230906_N,2023-09-06T21:13:49Z,5329,525.2,27.75,497.8199052132702,493.536688555703,4.283216657567209,1.97499120080424,post_peak_min,TRUE
RA_20230906_N,2023-09-06T21:14:19Z,5359,524.4,27.75,497.0616113744076,493.51276929253515,3.548842081872465,1.6363710839513936,post_peak_min,TRUE
RA_20230906_N,2023-09-06T21:14:49Z,5389,524.4,27.74,497.15585893060296,493.48885002936737,3.66700890123559,1.6908578043597307,post_peak_min,TRUE
RA_20230906_N,2023-09-06T21:15:19Z,5419,524.4,27.74,497.15585893060296,493.46493076619953,3.690928164403431,1.701886976606422,post_peak_min,TRUE
RA_20230906_N,2023-09-06T21:15:49Z,5449,524,27.74,496.77664012135006,493.4410115030317,3.335628618318367,1.538058355906599,post_peak_min,TRUE
RA_20230906_N,2023-09-06T21:16:19Z,5479,523.6,27.74,496.3974213120971,493.4170922398639,2.9803290722331894,1.3742297352067236,post_peak_min,TRUE
RA_20230906_N,2023-09-06T21:16:49Z,5509,523.6,27.73,496.49156078133893,493.39317297669606,3.0983878046428686,1.4286666167208266,post_peak_min,TRUE
RA_20230906_N,2023-09-06T21:17:19Z,5539,523.2,27.73,496.1122700549972,493.3692537135282,2.7430163414690014,1.2648048350513565,post_peak_min,TRUE
RA_20230906_N,2023-09-06T21:17:49Z,5569,523.2,27.73,496.1122700549972,493.34533445036044,2.7669356046367852,1.2758340072980217,post_peak_min,TRUE
RA_20230906_N,2023-09-06T21:18:19Z,5599,523.2,27.73,496.1122700549972,493.3214151871926,2.790854867804626,1.286863179544713,post_peak_min,TRUE
RA_20230906_N,2023-09-06T21:18:49Z,5629,522.8000000000001,27.73,495.73297932865546,493.29749592402476,2.435483404630702,1.1230013978752167,post_peak_min,TRUE
RA_20230906_N,2023-09-06T21:19:19Z,5659,522.8000000000001,27.73,495.73297932865546,493.273576660857,2.4594026677984857,1.1340305701218818,post_peak_min,TRUE
RA_20230906_N,2023-09-06T21:19:49Z,5689,522.8000000000001,27.73,495.73297932865546,493.24965739768913,2.4833219309663264,1.145059742368573,post_peak_min,TRUE
RA_20230906_N,2023-09-06T21:20:19Z,5719,522.8000000000001,27.71,495.9210775943844,493.2257381345213,2.695339459863135,1.2428210249428915,post_peak_min,TRUE
RA_20230906_N,2023-09-06T21:20:49Z,5749,522.8000000000001,27.71,495.9210775943844,493.2018188713535,2.7192587230309186,1.2538501971895566,post_peak_min,TRUE
RA_20230906_N,2023-09-06T21:21:19Z,5779,523.2,27.71,496.3005122367673,493.17789960818567,3.122612628581635,1.439836683038992,post_peak_min,TRUE
RA_20230906_N,2023-09-06T21:21:49Z,5809,523.2,27.71,496.3005122367673,493.15398034501783,3.1465318917494756,1.4508658552856832,post_peak_min,TRUE
RA_20230906_N,2023-09-06T21:22:19Z,5839,522.8000000000001,27.71,495.9210775943844,493.13006108185004,2.7910165125343838,1.2869377139296043,post_peak_min,TRUE
RA_20230906_N,2023-09-06T21:22:49Z,5869,522.8000000000001,27.7,496.0151802656547,493.1061418186822,2.909038446972488,1.3413576278990142,post_peak_min,TRUE
RA_20230906_N,2023-09-06T21:23:19Z,5899,522,27.7,495.2561669829222,493.0822225555144,2.1739444274077755,1.0024057754777254,post_peak_min,TRUE
RA_20230906_N,2023-09-06T21:23:49Z,5929,522,27.7,495.2561669829222,493.0583032923466,2.197863690575616,1.0134349477244167,post_peak_min,TRUE
RA_20230906_N,2023-09-06T21:24:19Z,5959,522,27.7,495.2561669829222,493.03438402917874,2.221782953743457,1.024464119971108,post_peak_min,TRUE
RA_20230906_N,2023-09-06T21:24:49Z,5989,521.6,27.7,494.876660341556,493.01046476601095,1.8661955755450208,0.8605027798838091,post_peak_min,TRUE
RA_20230906_N,2023-09-06T21:25:19Z,6019,521.6,27.69,494.9705826532549,492.9865455028431,1.9840371504117797,0.9148395300548716,post_peak_min,TRUE
RA_20230906_N,2023-09-06T21:25:49Z,6049,521.2,27.69,494.591003985576,492.9626262396753,1.628377745900707,0.750844978634816,post_peak_min,TRUE
RA_20230906_N,2023-09-06T21:26:19Z,6079,521.2,27.69,494.591003985576,492.9387069765075,1.6522970090684908,0.7618741508814811,post_peak_min,TRUE
RA_20230906_N,2023-09-06T21:26:49Z,6109,520.8000000000001,27.69,494.2114253178972,492.91478771333965,1.2966376045575316,0.5978795994614778,post_peak_min,TRUE
RA_20230906_N,2023-09-06T21:27:19Z,6139,520.4,27.69,493.8318466502182,492.8908684501718,0.940978200046402,0.43388504804139594,post_peak_min,TRUE
RA_20230906_N,2023-09-06T21:27:49Z,6169,520,27.68,493.5459377372816,492.866949187004,0.6789885502775519,0.31308162053297917,post_peak_min,TRUE
RA_20230906_N,2023-09-06T21:28:19Z,6199,520,27.68,493.5459377372816,492.8430299238362,0.7029078134453925,0.32411079277967053,post_peak_min,TRUE
RA_20230906_N,2023-09-06T21:28:49Z,6229,520,27.68,493.5459377372816,492.81911066066834,0.7268270766132332,0.33513996502636184,post_peak_min,TRUE
RA_20230906_N,2023-09-06T21:29:19Z,6259,520,27.68,493.5459377372816,492.79519139750056,0.750746339781017,0.34616913727302695,post_peak_min,TRUE
RA_20230906_N,2023-09-06T21:29:49Z,6289,520,27.68,493.5459377372816,492.7712721343327,0.7746656029488577,0.35719830951971826,post_peak_min,TRUE
RA_20230906_N,2023-09-06T21:30:19Z,6319,520,27.68,493.5459377372816,492.7473528711649,0.7985848661166983,0.3682274817664096,post_peak_min,TRUE
RA_20230906_N,2023-09-06T21:30:49Z,6349,520,27.66,493.7333839726548,492.7234336079971,1.0099503646576977,0.46568811314366443,post_peak_min,TRUE
RA_20230906_N,2023-09-06T21:31:19Z,6379,520,27.68,493.5459377372816,492.69951434482925,0.8464233924523228,0.39028582625976604,post_peak_min,TRUE
RA_20230906_N,2023-09-06T21:31:49Z,6409,520,27.66,493.7333839726548,492.6755950816614,1.057788890993379,0.4877464576370471,post_peak_min,TRUE
RA_20230906_N,2023-09-06T21:32:19Z,6439,519.2,27.66,492.9737941511585,492.65167581849363,0.3221183326648429,0.14852876319175906,post_peak_min,TRUE
RA_20230906_N,2023-09-06T21:32:49Z,6469,519.2,27.65,493.0674264007598,492.6277565553258,0.4396698454340253,0.2027317657296291,post_peak_min,TRUE
RA_20230906_N,2023-09-06T21:33:19Z,6499,518.8000000000001,27.65,492.6875593542261,492.60383729215795,0.0837220620681478,0.03860424281962296,post_peak_min,TRUE
RA_20230906_N,2023-09-06T21:33:49Z,6529,518.8000000000001,27.65,492.6875593542261,492.57991802899016,0.10764132523593162,0.04963341506628807,post_peak_min,TRUE
RA_20230906_N,2023-09-06T21:34:19Z,6559,518.4,27.65,492.3076923076923,492.5559987658223,-0.24830645813000274,0,post_peak_min,TRUE
RA_20230906_N,2023-09-06T21:34:49Z,6589,518.8000000000001,27.65,492.6875593542261,492.5320795026545,0.15547985157161293,0.07169175955967072,post_peak_min,TRUE
RA_20230906_N,2023-09-06T21:35:19Z,6619,518.9,27.64,492.8761398176292,492.5081602394867,0.36797957814252413,0.1696753834815179,post_peak_min,TRUE
RA_20230906_N,2023-09-06T21:35:49Z,6649,518.5,27.64,492.4962006079028,492.4962006079028,0,0,post_peak_min,TRUE
RA_20230906_N,2023-09-06T21:36:19Z,6679,518.5,27.64,492.4962006079028,492.4962006079028,0,0,post_peak_min,TRUE
RA_20230906_N,2023-09-06T21:36:49Z,6709,518.1,27.64,492.11626139817633,492.4962006079028,-0.37993920972644446,0,post_peak_min,TRUE
