event_id,sample_btc,p_coprec_ugL,conc_corr_ugL,sigma_label,sigma_molm2,p_coprec_ugL_sens,frac_of_srp_sens
CB_20230907_single,1,-0.0788243647082009,24.5663,field_high,9.5e-8,-0.13615117540507427,-0.005542192980020364
CB_20230907_single,1,-0.0788243647082009,24.5663,field_low,5.5e-8,-0.0788243647082009,-0.0032086380410644216
CB_20230907_single,1,-0.0788243647082009,24.5663,lab_ceiling,1.5e-7,-0.21497554011327516,-0.008750831021084786
CB_20230907_single,3,-0.11493699082567838,39.2676,field_high,9.5e-8,-0.19852752960798992,-0.005055759190986714
CB_20230907_single,3,-0.11493699082567838,39.2676,field_low,5.5e-8,-0.11493699082567838,-0.0029270184789923085
CB_20230907_single,3,-0.11493699082567838,39.2676,lab_ceiling,1.5e-7,-0.3134645204336683,-0.007982777669979024
CB_20230907_single,5,-0.07245622308735508,22.0292,field_high,9.5e-8,-0.12515165805997697,-0.005681171266318203
CB_20230907_single,5,-0.07245622308735508,22.0292,field_low,5.5e-8,-0.07245622308735508,-0.003289099154184223
CB_20230907_single,5,-0.07245622308735508,22.0292,lab_ceiling,1.5e-7,-0.19760788114733202,-0.008970270420502425
CB_20230907_single,8,-0.0792408946978195,24.7328,field_high,9.5e-8,-0.1368706362962337,-0.005533972550468757
CB_20230907_single,8,-0.0792408946978195,24.7328,field_low,5.5e-8,-0.0792408946978195,-0.0032038788450082277
CB_20230907_single,8,-0.0792408946978195,24.7328,lab_ceiling,1.5e-7,-0.21611153099405317,-0.008737851395476984
CB_20230907_single,10,-0.020915161369661713,2.0776,field_high,9.5e-8,-0.03612618782032478,-0.017388423094110886
CB_20230907_single,10,-0.020915161369661713,2.0776,field_low,5.5e-8,-0.020915161369661713,-0.010066981791327355
CB_20230907_single,10,-0.020915161369661713,2.0776,lab_ceiling,1.5e-7,-0.05704134918998648,-0.02745540488543824
CB_20230907_single,12,-0.9373919570577284,629.6768,field_high,9.5e-8,-1.6191315621906217,-0.0025713692519569115
CB_20230907_single,12,-0.9373919570577284,629.6768,field_low,5.5e-8,-0.9373919570577284,-0.0014886874616592647
CB_20230907_single,12,-0.9373919570577284,629.6768,lab_ceiling,1.5e-7,-2.55652351924835,-0.004060056713616176
CB_20230907_single,14,-0.04825627219721038,12.5342,field_high,9.5e-8,-0.08335174288609067,-0.0066499451808723865
CB_20230907_single,14,-0.04825627219721038,12.5342,field_low,5.5e-8,-0.04825627219721038,-0.0038499682626103285
CB_20230907_single,14,-0.04825627219721038,12.5342,lab_ceiling,1.5e-7,-0.13160801508330103,-0.010499913443482714
CB_20230907_single,15,-0.4580849348604599,211.9915,field_high,9.5e-8,-0.7912376147589762,-0.0037324025480218606
CB_20230907_single,15,-0.4580849348604599,211.9915,field_low,5.5e-8,-0.4580849348604599,-0.0021608646330652874
CB_20230907_single,15,-0.4580849348604599,211.9915,lab_ceiling,1.5e-7,-1.249322549619436,-0.005893267181087148
CB_20230907_single,16,-0.06501836361101615,19.0864,field_high,9.5e-8,-0.11230444623720971,-0.005884003596131785
CB_20230907_single,16,-0.06501836361101615,19.0864,field_low,5.5e-8,-0.06501836361101615,-0.003406528397760507
CB_20230907_single,16,-0.06501836361101615,19.0864,lab_ceiling,1.5e-7,-0.17732280984822585,-0.009290531993892293
CB_20230907_single,18,-0.09725641741570351,32.0025,field_high,9.5e-8,-0.167988357354397,-0.005249226071538067
CB_20230907_single,18,-0.09725641741570351,32.0025,field_low,5.5e-8,-0.09725641741570351,-0.003039025620364144
CB_20230907_single,18,-0.09725641741570351,32.0025,lab_ceiling,1.5e-7,-0.26524477477010044,-0.008288251691902209
CB_20230907_single,20,-0.9252701199068262,614.7712,field_high,9.5e-8,-1.598193843475427,-0.0025996563330803833
CB_20230907_single,20,-0.9252701199068262,614.7712,field_low,5.5e-8,-0.9252701199068262,-0.0015050641928360114
CB_20230907_single,20,-0.9252701199068262,614.7712,lab_ceiling,1.5e-7,-2.523463963382253,-0.004104720525916395
CB_20230907_single,22,-0.022528135250107384,2.6867,field_high,9.5e-8,-0.038912233613821845,-0.014483281949537293
CB_20230907_single,22,-0.022528135250107384,2.6867,field_low,5.5e-8,-0.022528135250107384,-0.008385057970784749
CB_20230907_single,22,-0.022528135250107384,2.6867,lab_ceiling,1.5e-7,-0.06144036886392922,-0.02286833992032204
CB_20230907_single,24,-0.3527107975803747,151.5734,field_high,9.5e-8,-0.6092277412751927,-0.00401935789046886
CB_20230907_single,24,-0.3527107975803747,151.5734,field_low,5.5e-8,-0.3527107975803747,-0.00232699667342934
CB_20230907_single,24,-0.3527107975803747,151.5734,lab_ceiling,1.5e-7,-0.9619385388555673,-0.0063463545638982
CB_20231008_single,3,0.018353412373491824,5.0317,field_high,9.5e-8,0.031701348645122245,0.006300325664312706
CB_20231008_single,3,0.018353412373491824,5.0317,field_low,5.5e-8,0.018353412373491824,0.0036475569635494613
CB_20231008_single,3,0.018353412373491824,5.0317,lab_ceiling,1.5e-7,0.05005476101861406,0.009947882627862165
CB_20231008_single,4,0.03269304917402278,8.3237,field_high,9.5e-8,0.05646981220967571,0.00678422002350826
CB_20231008_single,4,0.03269304917402278,8.3237,field_low,5.5e-8,0.03269304917402278,0.0039277063293995185
CB_20231008_single,4,0.03269304917402278,8.3237,lab_ceiling,1.5e-7,0.08916286138369847,0.010711926352907778
CB_20231008_single,5,0.027575260314859153,6.1066,field_high,9.5e-8,0.04762999508930217,0.007799756835113184
CB_20231008_single,5,0.027575260314859153,6.1066,field_low,5.5e-8,0.027575260314859153,0.004515648694012896
CB_20231008_single,5,0.027575260314859153,6.1066,lab_ceiling,1.5e-7,0.07520525540416133,0.012315405529126081
CB_20231008_single,6,0.023732607730564046,4.4492,field_high,9.5e-8,0.04099268608006517,0.009213495927372374
CB_20231008_single,6,0.023732607730564046,4.4492,field_low,5.5e-8,0.023732607730564046,0.005334129221110322
CB_20231008_single,6,0.023732607730564046,4.4492,lab_ceiling,1.5e-7,0.0647252938106292,0.014547625148482695
CB_20231008_single,7,0.025138381470701222,5.0548,field_high,9.5e-8,0.043420840722120296,0.008590021508688829
CB_20231008_single,7,0.025138381470701222,5.0548,field_low,5.5e-8,0.025138381470701222,0.004973170347135638
CB_20231008_single,7,0.025138381470701222,5.0548,lab_ceiling,1.5e-7,0.06855922219282151,0.013563191855824466
CB_20231008_single,8,0.009176293453558136,-1.7728,field_high,9.5e-8,0.015849961419782236,-0.008940637082458392
CB_20231008_single,8,0.009176293453558136,-1.7728,field_low,5.5e-8,0.009176293453558136,-0.005176158310896963
CB_20231008_single,8,0.009176293453558136,-1.7728,lab_ceiling,1.5e-7,0.02502625487334037,-0.014116795393355353
CB_20231008_single,9,0.027588950682671462,6.1125,field_high,9.5e-8,0.04765364208825071,0.00779609686515349
CB_20231008_single,9,0.027588950682671462,6.1125,field_low,5.5e-8,0.027588950682671462,0.0045135297640362315
CB_20231008_single,9,0.027588950682671462,6.1125,lab_ceiling,1.5e-7,0.07524259277092217,0.012309626629189722
CB_20231008_single,10,0.05354978914962154,17.476,field_high,9.5e-8,0.09249509034934629,0.005292692283665959
CB_20231008_single,10,0.05354978914962154,17.476,field_low,5.5e-8,0.05354978914962154,0.003064190269490818
CB_20231008_single,10,0.05354978914962154,17.476,lab_ceiling,1.5e-7,0.14604487949896783,0.008356882553156777
CB_20231008_single,11,0.03717904169540689,10.2763,field_high,9.5e-8,0.0642183447466119,0.006249169910046601
CB_20231008_single,11,0.03717904169540689,10.2763,field_low,5.5e-8,0.03717904169540689,0.003617940474237506
CB_20231008_single,11,0.03717904169540689,10.2763,lab_ceiling,1.5e-7,0.10139738644201877,0.009867110384284106
CB_20231008_single,12,0.05953245197296269,20.1365,field_high,9.5e-8,0.10282878068057191,0.005106586580615892
CB_20231008_single,12,0.05953245197296269,20.1365,field_low,5.5e-8,0.05953245197296269,0.0029564448624618323
CB_20231008_single,12,0.05953245197296269,20.1365,lab_ceiling,1.5e-7,0.1623612326535346,0.008063031443077724
CB_20231008_single,13,0.04437836145646056,13.4281,field_high,9.5e-8,0.07665353342479551,0.005708442253542609
CB_20231008_single,13,0.04437836145646056,13.4281,field_low,5.5e-8,0.04437836145646056,0.003304887620472037
CB_20231008_single,13,0.04437836145646056,13.4281,lab_ceiling,1.5e-7,0.12103189488125607,0.009013329874014646
CB_20231008_single,14,0.09173898096382056,34.7365,field_high,9.5e-8,0.15845823984659915,0.00456172152768987
CB_20231008_single,14,0.09173898096382056,34.7365,field_low,5.5e-8,0.09173898096382056,0.002640996673925714
CB_20231008_single,14,0.09173898096382056,34.7365,lab_ceiling,1.5e-7,0.2501972208104197,0.007202718201615582
CB_20231008_single,15,0.11299435260968754,44.6363,field_high,9.5e-8,0.19517206359855122,0.004372496456887135
CB_20231008_single,15,0.11299435260968754,44.6363,field_low,5.5e-8,0.11299435260968754,0.002531445317145183
CB_20231008_single,15,0.11299435260968754,44.6363,lab_ceiling,1.5e-7,0.3081664162082387,0.006903941774032317
CB_20231008_single,16,0.12632325612211867,50.9551,field_high,9.5e-8,0.21819471512002317,0.0042820976726573624
CB_20231008_single,16,0.12632325612211867,50.9551,field_low,5.5e-8,0.12632325612211867,0.002479109178906894
CB_20231008_single,16,0.12632325612211867,50.9551,lab_ceiling,1.5e-7,0.3445179712421418,0.006761206851564255
CB_20231008_single,17,0.11870215298406307,47.3316,field_high,9.5e-8,0.2050309915179271,0.004331799295141663
CB_20231008_single,17,0.11870215298406307,47.3316,field_low,5.5e-8,0.11870215298406307,0.002507883802450436
CB_20231008_single,17,0.11870215298406307,47.3316,lab_ceiling,1.5e-7,0.3237331445019902,0.0068396830975920985
CB_20231008_single,18,0.10368367632639017,40.2733,field_high,9.5e-8,0.17908998638194665,0.004446866444566168
CB_20231008_single,18,0.10368367632639017,40.2733,field_low,5.5e-8,0.10368367632639017,0.0025745016258014656
CB_20231008_single,18,0.10368367632639017,40.2733,lab_ceiling,1.5e-7,0.2827736627083368,0.007021368070367634
CB_20231008_single,19,0.10418365052193924,40.5066,field_high,9.5e-8,0.1799535781742587,0.004442574251461705
CB_20231008_single,19,0.10418365052193924,40.5066,field_low,5.5e-8,0.10418365052193924,0.002572016671898882
CB_20231008_single,19,0.10418365052193924,40.5066,lab_ceiling,1.5e-7,0.2841372286961979,0.007014590923360586
CB_20231008_single,20,0.11557428983511024,45.8525,field_high,9.5e-8,0.19962831880609952,0.00435370631494683
CB_20231008_single,20,0.11557428983511024,45.8525,field_low,5.5e-8,0.11557428983511024,0.0025205668139165857
CB_20231008_single,20,0.11557428983511024,45.8525,lab_ceiling,1.5e-7,0.31520260864120975,0.006874273128863416
CB_20231008_single,21,0.07900365195858075,28.9065,field_high,9.5e-8,0.13646085338300312,0.004720767072561642
CB_20231008_single,21,0.07900365195858075,28.9065,field_low,5.5e-8,0.07900365195858075,0.002733075673588319
CB_20231008_single,21,0.07900365195858075,28.9065,lab_ceiling,1.5e-7,0.21546450534158385,0.007453842746149961
CB_20231008_single,22,0.0834785518394504,30.9465,field_high,9.5e-8,0.14419022590450523,0.004659338726657464
CB_20231008_single,22,0.0834785518394504,30.9465,field_low,5.5e-8,0.0834785518394504,0.0026975118943806374
CB_20231008_single,22,0.0834785518394504,30.9465,lab_ceiling,1.5e-7,0.2276687777439556,0.007356850621038101
CB_20231008_single,23,0.08868347245253236,33.3309,field_high,9.5e-8,0.15318054332710135,0.004595751789693688
CB_20231008_single,23,0.08868347245253236,33.3309,field_low,5.5e-8,0.08868347245253236,0.0026606984045595035
CB_20231008_single,23,0.08868347245253236,33.3309,lab_ceiling,1.5e-7,0.24186401577963368,0.007256450194253191
CB_20231008_single,24,0.08639135923209723,32.2791,field_high,9.5e-8,0.1492214386736225,0.004622850038372275
CB_20231008_single,24,0.08639135923209723,32.2791,field_low,5.5e-8,0.08639135923209723,0.0026763868643207905
CB_20231008_single,24,0.08639135923209723,32.2791,lab_ceiling,1.5e-7,0.2356127979057197,0.007299236902693065
CB_20231008_single,25,0.052649462057153845,17.077,field_high,9.5e-8,0.0909399799169021,0.005325290151484576
CB_20231008_single,25,0.052649462057153845,17.077,field_low,5.5e-8,0.052649462057153845,0.0030830627192805432
CB_20231008_single,25,0.052649462057153845,17.077,lab_ceiling,1.5e-7,0.14358944197405593,0.008408352870765117
CB_20231008_single,26,0.05209846821476636,16.833,field_high,9.5e-8,0.08998826328005098,0.005345943282840313
CB_20231008_single,26,0.05209846821476636,16.833,field_low,5.5e-8,0.05209846821476636,0.0030950197953286025
CB_20231008_single,26,0.05209846821476636,16.833,lab_ceiling,1.5e-7,0.14208673149481732,0.008440963078168915
CB_20231008_single,27,0.038022059375916725,10.6442,field_high,9.5e-8,0.06567446619476526,0.006169976719224109
CB_20231008_single,27,0.038022059375916725,10.6442,field_low,5.5e-8,0.038022059375916725,0.0035720917848139576
CB_20231008_single,27,0.038022059375916725,10.6442,lab_ceiling,1.5e-7,0.10369652557068197,0.009742068504038066
CB_20231008_single,28,0.02484440218033428,4.9281,field_high,9.5e-8,0.042913058311486486,0.00870783026145705
CB_20231008_single,28,0.02484440218033428,4.9281,field_low,5.5e-8,0.02484440218033428,0.005041375414527765
CB_20231008_single,28,0.02484440218033428,4.9281,lab_ceiling,1.5e-7,0.06775746049182076,0.013749205675984814
CB_20231008_single,29,0.009516908884876184,-1.6282,field_high,9.5e-8,0.016438297164786137,-0.010095993836620892
CB_20231008_single,29,0.009516908884876184,-1.6282,field_low,5.5e-8,0.009516908884876184,-0.005845049063306832
CB_20231008_single,29,0.009516908884876184,-1.6282,lab_ceiling,1.5e-7,0.025955206049662317,-0.01594104289992772
CB_20231008_single,30,0.022860214308059575,4.0738,field_high,9.5e-8,0.039485824713921085,0.009692627206519977
CB_20231008_single,30,0.022860214308059575,4.0738,field_low,5.5e-8,0.022860214308059575,0.005611521014301039
CB_20231008_single,30,0.022860214308059575,4.0738,lab_ceiling,1.5e-7,0.06234603902198065,0.015304148220821014
CB_20231008_single,31,0.026050750347727015,5.4483,field_high,9.5e-8,0.04499675060061939,0.008258860672249948
CB_20231008_single,31,0.026050750347727015,5.4483,field_low,5.5e-8,0.026050750347727015,0.004781445652355233
CB_20231008_single,31,0.026050750347727015,5.4483,lab_ceiling,1.5e-7,0.0710475009483464,0.013040306324605181
CC_20231006_single,3,0.09827776834783696,27.2536,field_high,9.5e-8,0.16975250896444566,0.006228627005769721
CC_20231006_single,3,0.09827776834783696,27.2536,field_low,5.5e-8,0.09827776834783696,0.0036060472138666803
CC_20231006_single,3,0.09827776834783696,27.2536,lab_ceiling,1.5e-7,0.26803027731228257,0.0098346742196364
CC_20231006_single,4,0.09734771237428566,26.9164,field_high,9.5e-8,0.1681460486464934,0.006246973913543171
CC_20231006_single,4,0.09734771237428566,26.9164,field_low,5.5e-8,0.09734771237428566,0.0036166691078407835
CC_20231006_single,4,0.09734771237428566,26.9164,lab_ceiling,1.5e-7,0.26549376102077904,0.009863643021383954
CC_20231006_single,5,0.1915083431181518,62.7701,field_high,9.5e-8,0.3307871381131713,0.005269820155028768
CC_20231006_single,5,0.1915083431181518,62.7701,field_low,5.5e-8,0.1915083431181518,0.003050948510806129
CC_20231006_single,5,0.1915083431181518,62.7701,lab_ceiling,1.5e-7,0.5222954812313231,0.008320768665834897
CC_20231006_single,6,0.21289917765325622,71.4247,field_high,9.5e-8,0.36773494321926076,0.005148568257469206
CC_20231006_single,6,0.21289917765325622,71.4247,field_low,5.5e-8,0.21289917765325622,0.002980750043797961
CC_20231006_single,6,0.21289917765325622,71.4247,lab_ceiling,1.5e-7,0.580634120872517,0.008129318301267166
CC_20231006_single,7,0.19820229364576858,65.4568,field_high,9.5e-8,0.34234941629723664,0.005230158154649122
CC_20231006_single,7,0.19820229364576858,65.4568,field_low,5.5e-8,0.19820229364576858,0.003027986300060018
CC_20231006_single,7,0.19820229364576858,65.4568,lab_ceiling,1.5e-7,0.5405517099430052,0.008258144454709139
CC_20231006_single,8,0.26545769732462227,93.5662,field_high,9.5e-8,0.45851784083343844,0.004900464492877113
CC_20231006_single,8,0.26545769732462227,93.5662,field_low,5.5e-8,0.26545769732462227,0.0028371110221920124
CC_20231006_single,8,0.26545769732462227,93.5662,lab_ceiling,1.5e-7,0.7239755381580607,0.0077375755150691245
CC_20231006_single,9,0.2034870794646651,67.5919,field_high,9.5e-8,0.3514776827116943,0.0051999970811842
CC_20231006_single,9,0.2034870794646651,67.5919,field_low,5.5e-8,0.2034870794646651,0.003010524625948747
CC_20231006_single,9,0.2034870794646651,67.5919,lab_ceiling,1.5e-7,0.5549647621763594,0.008210521707132946
CC_20231006_single,10,0.11901893950392223,34.8598,field_high,9.5e-8,0.20557816823404748,0.005897284787464285
CC_20231006_single,10,0.11901893950392223,34.8598,field_low,5.5e-8,0.11901893950392223,0.0034142175085319546
CC_20231006_single,10,0.11901893950392223,34.8598,lab_ceiling,1.5e-7,0.3245971077379697,0.009311502295996239
CC_20231006_single,11,0.07427066189896395,18.6481,field_high,9.5e-8,0.1282856887345741,0.0068792900474887045
CC_20231006_single,11,0.07427066189896395,18.6481,field_low,5.5e-8,0.07427066189896395,0.0039827468695987234
CC_20231006_single,11,0.07427066189896395,18.6481,lab_ceiling,1.5e-7,0.20255635063353802,0.010862036917087425
CC_20231006_single,12,0.07883570047722485,20.2684,field_high,9.5e-8,0.136170755369752,0.006718377147172545
CC_20231006_single,12,0.07883570047722485,20.2684,field_low,5.5e-8,0.07883570047722485,0.003889586769415684
CC_20231006_single,12,0.07883570047722485,20.2684,lab_ceiling,1.5e-7,0.21500645584697686,0.010607963916588229
CC_20231006_single,13,0.03935631445618118,6.4979,field_high,9.5e-8,0.06797908860613112,0.010461701258272846
CC_20231006_single,13,0.03935631445618118,6.4979,field_low,5.5e-8,0.03935631445618118,0.00605677441268428
CC_20231006_single,13,0.03935631445618118,6.4979,lab_ceiling,1.5e-7,0.1073354030623123,0.016518475670957128
CC_20231006_single,14,0.04141631665093266,7.2031,field_high,9.5e-8,0.07153727421524732,0.0099314564861306
CC_20231006_single,14,0.04141631665093266,7.2031,field_low,5.5e-8,0.04141631665093266,0.005749790597233504
CC_20231006_single,14,0.04141631665093266,7.2031,lab_ceiling,1.5e-7,0.11295359086617997,0.015681247083364103
CC_20231006_single,15,0.04545415653880152,8.5896,field_high,9.5e-8,0.07851172493065717,0.009140323755548239
CC_20231006_single,15,0.04545415653880152,8.5896,field_low,5.5e-8,0.04545415653880152,0.005291766384791086
CC_20231006_single,15,0.04545415653880152,8.5896,lab_ceiling,1.5e-7,0.12396588146945868,0.014432090140339325
CC_20231006_single,16,0.044331917925942606,8.2037,field_high,9.5e-8,0.07657331278117359,0.009333997194092128
CC_20231006_single,16,0.044331917925942606,8.2037,field_low,5.5e-8,0.044331917925942606,0.005403893112369127
CC_20231006_single,16,0.044331917925942606,8.2037,lab_ceiling,1.5e-7,0.12090523070711619,0.014737890306461254
CC_20231006_single,17,0.02918356907828814,3.0364,field_high,9.5e-8,0.05040798295340679,0.01660123269444302
CC_20231006_single,17,0.02918356907828814,3.0364,field_low,5.5e-8,0.02918356907828814,0.009611239980993327
CC_20231006_single,17,0.02918356907828814,3.0364,lab_ceiling,1.5e-7,0.07959155203169492,0.026212472675436346
CC_20231006_single,18,0.043084631363368035,7.7753,field_high,9.5e-8,0.07441890871854479,0.009571194515780071
CC_20231006_single,18,0.043084631363368035,7.7753,field_low,5.5e-8,0.043084631363368035,0.005541217877556883
CC_20231006_single,18,0.043084631363368035,7.7753,lab_ceiling,1.5e-7,0.11750354008191281,0.015112412393336954
CC_20231006_single,19,0.029117972384126285,3.0142,field_high,9.5e-8,0.05029467957258177,0.016685913201705847
CC_20231006_single,19,0.029117972384126285,3.0142,field_low,5.5e-8,0.029117972384126285,0.0096602655378297
CC_20231006_single,19,0.029117972384126285,3.0142,lab_ceiling,1.5e-7,0.07941265195670805,0.026346178739535545
CC_20231006_single,20,0.025067024864615383,1.6455,field_high,9.5e-8,0.04329758840251748,0.026312724644495585
CC_20231006_single,20,0.025067024864615383,1.6455,field_low,5.5e-8,0.025067024864615383,0.015233682688918495
CC_20231006_single,20,0.025067024864615383,1.6455,lab_ceiling,1.5e-7,0.06836461326713286,0.041546407333414075
CC_20231006_single,21,0.03455966973002918,4.8614,field_high,9.5e-8,0.059693974988232215,0.012279173692399765
CC_20231006_single,21,0.03455966973002918,4.8614,field_low,5.5e-8,0.03455966973002918,0.007108995295599864
CC_20231006_single,21,0.03455966973002918,4.8614,lab_ceiling,1.5e-7,0.09425364471826138,0.019388168987999627
CD_20231009_single,3,0.10695838335246378,3.0976,field_high,9.5e-8,0.18474629851789198,0.05964175442855501
CD_20231009_single,3,0.10695838335246378,3.0976,field_low,5.5e-8,0.10695838335246378,0.03452943677442658
CD_20231009_single,3,0.10695838335246378,3.0976,lab_ceiling,1.5e-7,0.29170468187035575,0.09417119120298159
CD_20231009_single,4,0.12912647819986484,5.2397,field_high,9.5e-8,0.2230366441634029,0.04256668209313566
CD_20231009_single,4,0.12912647819986484,5.2397,field_low,5.5e-8,0.12912647819986484,0.02464386858023643
CD_20231009_single,4,0.12912647819986484,5.2397,lab_ceiling,1.5e-7,0.3521631223632677,0.06721055067337207
CD_20231009_single,5,0.14795224386033776,7.0754,field_high,9.5e-8,0.2555538757587652,0.03611864710952953
CD_20231009_single,5,0.14795224386033776,7.0754,field_low,5.5e-8,0.14795224386033776,0.02091079569499078
CD_20231009_single,5,0.14795224386033776,7.0754,lab_ceiling,1.5e-7,0.40350611961910293,0.0570294428045203
CD_20231009_single,6,0.12114278383836992,4.4658,field_high,9.5e-8,0.20924662662991167,0.04685535103003083
CD_20231009_single,6,0.12114278383836992,4.4658,field_low,5.5e-8,0.12114278383836992,0.027126782175281007
CD_20231009_single,6,0.12114278383836992,4.4658,lab_ceiling,1.5e-7,0.3303894104682816,0.07398213320531183
CD_20231009_single,7,0.18979220807913944,11.2109,field_high,9.5e-8,0.32782290486396815,0.02924144402893328
CD_20231009_single,7,0.18979220807913944,11.2109,field_low,5.5e-8,0.18979220807913944,0.016929257069382423
CD_20231009_single,7,0.18979220807913944,11.2109,lab_ceiling,1.5e-7,0.5176151129431075,0.0461707010983157
CD_20231009_single,8,0.21024987038265702,13.2614,field_high,9.5e-8,0.3631588670245894,0.027384655241874115
CD_20231009_single,8,0.21024987038265702,13.2614,field_low,5.5e-8,0.21024987038265702,0.015854274087400803
CD_20231009_single,8,0.21024987038265702,13.2614,lab_ceiling,1.5e-7,0.5734087374072464,0.043238929329274915
CD_20231009_single,9,0.1906628525613467,11.2978,field_high,9.5e-8,0.32932674533323525,0.0291496349141634
CD_20231009_single,9,0.1906628525613467,11.2978,field_low,5.5e-8,0.1906628525613467,0.016876104423989336
CD_20231009_single,9,0.1906628525613467,11.2978,lab_ceiling,1.5e-7,0.5199895978945819,0.046025739338152724
CD_20231009_single,10,0.3013585853229447,22.6282,field_high,9.5e-8,0.5205284655578135,0.023003529470210334
CD_20231009_single,10,0.3013585853229447,22.6282,field_low,5.5e-8,0.3013585853229447,0.013317832851174405
CD_20231009_single,10,0.3013585853229447,22.6282,lab_ceiling,1.5e-7,0.8218870508807582,0.03632136232138474
CD_20231009_single,11,0.1624517652691815,8.4998,field_high,9.5e-8,0.2805985036467681,0.03301236542586509
CD_20231009_single,11,0.1624517652691815,8.4998,field_low,5.5e-8,0.1624517652691815,0.019112422088658734
CD_20231009_single,11,0.1624517652691815,8.4998,lab_ceiling,1.5e-7,0.44305026891594956,0.05212478751452382
CD_20231009_single,12,0.23413853754994224,15.6799,field_high,9.5e-8,0.4044211103135366,0.025792327139429246
CD_20231009_single,12,0.23413853754994224,15.6799,field_low,5.5e-8,0.23413853754994224,0.014932399922827458
CD_20231009_single,12,0.23413853754994224,15.6799,lab_ceiling,1.5e-7,0.6385596478634787,0.040724727062256695
CD_20231009_single,13,0.20892155188875922,13.1277,field_high,9.5e-8,0.36086449871694776,0.027488783162088387
CD_20231009_single,13,0.20892155188875922,13.1277,field_low,5.5e-8,0.20892155188875922,0.015914558672788015
CD_20231009_single,13,0.20892155188875922,13.1277,lab_ceiling,1.5e-7,0.5697860506057069,0.043403341834876395
CD_20231009_single,14,0.1772360759412914,9.9617,field_high,9.5e-8,0.3061350402622306,0.030731204539609765
CD_20231009_single,14,0.1772360759412914,9.9617,field_low,5.5e-8,0.1772360759412914,0.017791749996616178
CD_20231009_single,14,0.1772360759412914,9.9617,lab_ceiling,1.5e-7,0.48337111620352197,0.04852295453622594
CD_20231009_single,15,0.40541959687512424,33.8199,field_high,9.5e-8,0.7002702127843056,0.020705862902737904
CD_20231009_single,15,0.40541959687512424,33.8199,field_low,5.5e-8,0.40541959687512424,0.011987604838427207
CD_20231009_single,15,0.40541959687512424,33.8199,lab_ceiling,1.5e-7,1.1056898096594296,0.032693467741165105
CD_20231009_single,16,0.3976698839225489,32.9674,field_high,9.5e-8,0.6868843449571299,0.020835259831140155
CD_20231009_single,16,0.3976698839225489,32.9674,field_low,5.5e-8,0.3976698839225489,0.012062518849607457
CD_20231009_single,16,0.3976698839225489,32.9674,lab_ceiling,1.5e-7,1.0845542288796786,0.03289777868074761
CD_20231009_single,17,0.3147214399759523,24.0351,field_high,9.5e-8,0.5436097599584631,0.022617328821534468
CD_20231009_single,17,0.3147214399759523,24.0351,field_low,5.5e-8,0.3147214399759523,0.013094243001941008
CD_20231009_single,17,0.3147214399759523,24.0351,lab_ceiling,1.5e-7,0.8583311999344153,0.03571157182347547
CD_20231009_single,18,0.2514589891225496,17.4499,field_high,9.5e-8,0.4343382539389493,0.024890586991269253
CD_20231009_single,18,0.2514589891225496,17.4499,field_low,5.5e-8,0.2514589891225496,0.01441033983705062
CD_20231009_single,18,0.2514589891225496,17.4499,lab_ceiling,1.5e-7,0.6857972430614989,0.03930092682831987
CD_20231009_single,20,0.23819619575452283,16.0933,field_high,9.5e-8,0.4114297926669031,0.025565284476577403
CD_20231009_single,20,0.23819619575452283,16.0933,field_low,5.5e-8,0.23819619575452283,0.014800954170650074
CD_20231009_single,20,0.23819619575452283,16.0933,lab_ceiling,1.5e-7,0.6496259884214258,0.04036623864722747
CD_20231009_single,21,0.19319741985583094,11.5509,field_high,9.5e-8,0.33370463429643527,0.028889924966577087
CD_20231009_single,21,0.19319741985583094,11.5509,field_low,5.5e-8,0.19319741985583094,0.01672574603328147
CD_20231009_single,21,0.19319741985583094,11.5509,lab_ceiling,1.5e-7,0.5269020541522662,0.045615670999858554
CD_20231009_single,22,0.37871464421913165,30.8955,field_high,9.5e-8,0.6541434763785001,0.02117277520604943
CD_20231009_single,22,0.37871464421913165,30.8955,field_low,5.5e-8,0.37871464421913165,0.012257922487712828
CD_20231009_single,22,0.37871464421913165,30.8955,lab_ceiling,1.5e-7,1.0328581205976317,0.03343069769376226
CD_20231009_single,23,0.2957315615740365,22.0383,field_high,9.5e-8,0.5108090609006085,0.023178242464283023
CD_20231009_single,23,0.2957315615740365,22.0383,field_low,5.5e-8,0.2957315615740365,0.01341898247932175
CD_20231009_single,23,0.2957315615740365,22.0383,lab_ceiling,1.5e-7,0.806540622474645,0.03659722494360477
CD_20231009_single,24,0.3576841827332575,28.6185,field_high,9.5e-8,0.6178181338119902,0.021588068340828142
CD_20231009_single,24,0.3576841827332575,28.6185,field_low,5.5e-8,0.3576841827332575,0.012498355355216295
CD_20231009_single,24,0.3576841827332575,28.6185,lab_ceiling,1.5e-7,0.9755023165452478,0.034086423696044435
CD_20231009_single,25,0.36023246153361227,28.893,field_high,9.5e-8,0.6222197062853303,0.021535309808096436
CD_20231009_single,25,0.36023246153361227,28.893,field_low,5.5e-8,0.36023246153361227,0.012467810941529515
CD_20231009_single,25,0.36023246153361227,28.893,lab_ceiling,1.5e-7,0.9824521678189425,0.03400312074962595
CD_20231009_single,26,0.16883788779865794,9.1301,field_high,9.5e-8,0.2916290789249546,0.031941498880073006
CD_20231009_single,26,0.16883788779865794,9.1301,field_low,5.5e-8,0.16883788779865794,0.018492446720042268
CD_20231009_single,26,0.16883788779865794,9.1301,lab_ceiling,1.5e-7,0.46046696672361254,0.05043394560011528
CD_20231009_single,27,0.23224958939895274,15.4877,field_high,9.5e-8,0.4011583816891002,0.025901740199584196
CD_20231009_single,27,0.23224958939895274,15.4877,field_low,5.5e-8,0.23224958939895274,0.014995744326075061
CD_20231009_single,27,0.23224958939895274,15.4877,lab_ceiling,1.5e-7,0.6334079710880529,0.04089748452565926
CD_20231009_single,28,0.17532612098184214,9.7723,field_high,9.5e-8,0.3028360271504546,0.030989227423478056
CD_20231009_single,28,0.17532612098184214,9.7723,field_low,5.5e-8,0.17532612098184214,0.017941131666224137
CD_20231009_single,28,0.17532612098184214,9.7723,lab_ceiling,1.5e-7,0.4781621481322967,0.04893035908970219
CD_20231009_single,29,0.10335617184195914,2.7515,field_high,9.5e-8,0.17852429681792942,0.06488253564162436
CD_20231009_single,29,0.10335617184195914,2.7515,field_low,5.5e-8,0.10335617184195914,0.037563573266203576
CD_20231009_single,29,0.10335617184195914,2.7515,lab_ceiling,1.5e-7,0.28188046865988853,0.10244610890782792
CD_20231009_single,30,0.21381733715869042,13.6209,field_high,9.5e-8,0.36932085509228346,0.02711427696351074
CD_20231009_single,30,0.21381733715869042,13.6209,field_low,5.5e-8,0.21381733715869042,0.01569773929466411
CD_20231009_single,30,0.21381733715869042,13.6209,lab_ceiling,1.5e-7,0.5831381922509739,0.04281201625817485
CD_20231009_single,31,0.12297528257398639,4.6432,field_high,9.5e-8,0.21241185171870378,0.04574686675540657
CD_20231009_single,31,0.12297528257398639,4.6432,field_low,5.5e-8,0.12297528257398639,0.02648502812155117
CD_20231009_single,31,0.12297528257398639,4.6432,lab_ceiling,1.5e-7,0.3353871342926901,0.07223189487695772
CD_20231009_single,32,0.07814910078377058,0.3449,field_high,9.5e-8,0.13498481044469463,0.3913737617996365
CD_20231009_single,32,0.07814910078377058,0.3449,field_low,5.5e-8,0.07814910078377058,0.22658480946294746
CD_20231009_single,32,0.07814910078377058,0.3449,lab_ceiling,1.5e-7,0.2131339112284652,0.6179585712625839
RA_20230906_P,3,0.03274271792286289,3.2661,field_high,9.5e-8,0.056555603684944986,0.017315943689704842
RA_20230906_P,3,0.03274271792286289,3.2661,field_low,5.5e-8,0.03274271792286289,0.010025020030881751
RA_20230906_P,3,0.03274271792286289,3.2661,lab_ceiling,1.5e-7,0.08929832160780787,0.027340963720586597
RA_20230906_P,4,0.029475392525099686,2.4054,field_high,9.5e-8,0.05091204163426309,0.021165727793407786
RA_20230906_P,4,0.029475392525099686,2.4054,field_low,5.5e-8,0.029475392525099686,0.012253842406709771
RA_20230906_P,4,0.029475392525099686,2.4054,lab_ceiling,1.5e-7,0.08038743415936277,0.03341957020011755
RA_20230906_P,5,0.027183484383376217,1.8033,field_high,9.5e-8,0.04695329120764983,0.026037426500110813
RA_20230906_P,5,0.027183484383376217,1.8033,field_low,5.5e-8,0.027183484383376217,0.015074299552695734
RA_20230906_P,5,0.027183484383376217,1.8033,lab_ceiling,1.5e-7,0.07413677559102604,0.041111726052806545
RA_20230906_P,6,0.03545130905825479,3.9817,field_high,9.5e-8,0.061234079282440096,0.015378878188321595
RA_20230906_P,6,0.03545130905825479,3.9817,field_low,5.5e-8,0.03545130905825479,0.008903561056396713
RA_20230906_P,6,0.03545130905825479,3.9817,lab_ceiling,1.5e-7,0.09668538834069487,0.024282439244718304
RA_20230906_P,7,0.03329372099836982,3.4115,field_high,9.5e-8,0.057507336269911516,0.016856906425300165
RA_20230906_P,7,0.03329372099836982,3.4115,field_low,5.5e-8,0.03329372099836982,0.009759261614647463
RA_20230906_P,7,0.03329372099836982,3.4115,lab_ceiling,1.5e-7,0.09080105726828133,0.026616168039947628
RA_20230906_P,8,0.066588933131025,12.3479,field_high,9.5e-8,0.11501724813540681,0.009314721380591584
RA_20230906_P,8,0.066588933131025,12.3479,field_low,5.5e-8,0.066588933131025,0.005392733430868812
RA_20230906_P,8,0.066588933131025,12.3479,lab_ceiling,1.5e-7,0.1816061812664318,0.014707454811460395
RA_20230906_P,9,0.06755294424517182,12.6111,field_high,9.5e-8,0.11668235824166041,0.009252353739297952
RA_20230906_P,9,0.06755294424517182,12.6111,field_low,5.5e-8,0.06755294424517182,0.005356625849067235
RA_20230906_P,9,0.06755294424517182,12.6111,lab_ceiling,1.5e-7,0.1842353024868322,0.014608979588365186
RA_20230906_P,10,0.0686587579924372,12.9133,field_high,9.5e-8,0.11859240016875516,0.009183740807443115
RA_20230906_P,10,0.0686587579924372,12.9133,field_low,5.5e-8,0.0686587579924372,0.0053169025727302244
RA_20230906_P,10,0.0686587579924372,12.9133,lab_ceiling,1.5e-7,0.18725115816119237,0.014500643380173338
RA_20230906_P,11,0.049213996040378336,7.6476,field_high,9.5e-8,0.08500599316065349,0.01111538170937987
RA_20230906_P,11,0.049213996040378336,7.6476,field_low,5.5e-8,0.049213996040378336,0.006435220989640977
RA_20230906_P,11,0.049213996040378336,7.6476,lab_ceiling,1.5e-7,0.13421998920103181,0.017550602699020847
RA_20230906_P,12,0.03333994705077086,3.4237,field_high,9.5e-8,0.05758718126951331,0.016820159847391217
RA_20230906_P,12,0.03333994705077086,3.4237,field_low,5.5e-8,0.03333994705077086,0.009737987280068599
RA_20230906_P,12,0.03333994705077086,3.4237,lab_ceiling,1.5e-7,0.09092712832028416,0.02655814712745981
RA_20230906_P,13,0.04065456961202502,5.3618,field_high,9.5e-8,0.0702215293298614,0.01309663346821243
RA_20230906_P,13,0.04065456961202502,5.3618,field_low,5.5e-8,0.04065456961202502,0.0075822614815966695
RA_20230906_P,13,0.04065456961202502,5.3618,lab_ceiling,1.5e-7,0.11087609894188642,0.0206788949498091
RA_20230906_P,15,0.041469934450786824,5.5787,field_high,9.5e-8,0.07162988677863179,0.012839888644062556
RA_20230906_P,15,0.041469934450786824,5.5787,field_low,5.5e-8,0.041469934450786824,0.007433619741299375
RA_20230906_P,15,0.041469934450786824,5.5787,lab_ceiling,1.5e-7,0.1130998212294186,0.02027350838536193
RA_20230906_P,16,0.0690218437478584,13.0126,field_high,9.5e-8,0.11921954829175542,0.009161854532664911
RA_20230906_P,16,0.0690218437478584,13.0126,field_low,5.5e-8,0.0690218437478584,0.005304231571542843
RA_20230906_P,16,0.0690218437478584,13.0126,lab_ceiling,1.5e-7,0.1882413920396138,0.014466086104207751
RA_20230906_P,17,0.029808508597290916,2.493,field_high,9.5e-8,0.05148742394077522,0.020652797409055443
RA_20230906_P,17,0.029808508597290916,2.493,field_low,5.5e-8,0.029808508597290916,0.011956882710505783
RA_20230906_P,17,0.029808508597290916,2.493,lab_ceiling,1.5e-7,0.08129593253806612,0.032609680119561224
RA_20230906_P,18,0.04581588173664074,6.7378,field_high,9.5e-8,0.07913652299965218,0.011745157618162038
RA_20230906_P,18,0.04581588173664074,6.7378,field_low,5.5e-8,0.04581588173664074,0.006799828094725391
RA_20230906_P,18,0.04581588173664074,6.7378,lab_ceiling,1.5e-7,0.1249524047362929,0.018544985712887426
RA_20230906_P,19,0.05104428598701082,8.1389,field_high,9.5e-8,0.08816740306847323,0.010832840195661974
RA_20230906_P,19,0.05104428598701082,8.1389,field_low,5.5e-8,0.05104428598701082,0.006271644323804301
RA_20230906_P,19,0.05104428598701082,8.1389,lab_ceiling,1.5e-7,0.13921168905548406,0.017104484519466275
RA_20230906_P,20,0.02338617200987042,0.8087,field_high,9.5e-8,0.040394297107958,0.04994966873742797
RA_20230906_P,20,0.02338617200987042,0.8087,field_low,5.5e-8,0.02338617200987042,0.028918229269037247
RA_20230906_P,20,0.02338617200987042,0.8087,lab_ceiling,1.5e-7,0.06378046911782842,0.07886789800646522
RA_20230906_P,21,0.021292083387784166,0.2618,field_high,9.5e-8,0.036777234942536284,0.1404783611250431
RA_20230906_P,21,0.021292083387784166,0.2618,field_low,5.5e-8,0.021292083387784166,0.08132957749344602
RA_20230906_P,21,0.021292083387784166,0.2618,lab_ceiling,1.5e-7,0.058069318330320446,0.22180793861848913
RA_20230906_P,22,0.045377630282388906,6.6207,field_high,9.5e-8,0.07837954321503539,0.01183855834202356
RA_20230906_P,22,0.045377630282388906,6.6207,field_low,5.5e-8,0.045377630282388906,0.00685390219801364
RA_20230906_P,22,0.045377630282388906,6.6207,lab_ceiling,1.5e-7,0.12375717349742428,0.018692460540037197
RA_20230906_P,23,0.04497850623162816,6.5141,field_high,9.5e-8,0.07769014712735774,0.011926459085270066
RA_20230906_P,23,0.04497850623162816,6.5141,field_low,5.5e-8,0.04497850623162816,0.006904792101998459
RA_20230906_P,23,0.04497850623162816,6.5141,lab_ceiling,1.5e-7,0.12266865335898589,0.018831251187268524
RA_20230906_P,24,0.026184177197416787,1.5412,field_high,9.5e-8,0.04522721515917445,0.029345454943663675
RA_20230906_P,24,0.026184177197416787,1.5412,field_low,5.5e-8,0.026184177197416787,0.016989473914752654
RA_20230906_P,24,0.026184177197416787,1.5412,lab_ceiling,1.5e-7,0.07141139235659123,0.04633492885841632
RA_20231005_downstream,3,0.031031414388688738,4.2273,field_high,9.5e-8,0.05359971576228055,0.012679420850727546
RA_20231005_downstream,3,0.031031414388688738,4.2273,field_low,5.5e-8,0.031031414388688738,0.0073407173346317365
RA_20231005_downstream,3,0.031031414388688738,4.2273,lab_ceiling,1.5e-7,0.08463113015096928,0.02002013818535928
RA_20231005_downstream,4,0.032361864812018866,4.6708,field_high,9.5e-8,0.055897766493487135,0.011967493040482816
RA_20231005_downstream,4,0.032361864812018866,4.6708,field_low,5.5e-8,0.032361864812018866,0.0069285486023847875
RA_20231005_downstream,4,0.032361864812018866,4.6708,lab_ceiling,1.5e-7,0.08825963130550599,0.018896041642867602
RA_20231005_downstream,5,0.027512858124492053,3.0582,field_high,9.5e-8,0.047522209487759,0.015539274569275719
RA_20231005_downstream,5,0.027512858124492053,3.0582,field_low,5.5e-8,0.027512858124492053,0.008996422119054364
RA_20231005_downstream,5,0.027512858124492053,3.0582,lab_ceiling,1.5e-7,0.07503506761225105,0.024535696688330083
RA_20231005_downstream,6,0.027130890838622954,2.9316,field_high,9.5e-8,0.04686244781216692,0.01598528032888761
RA_20231005_downstream,6,0.027130890838622954,2.9316,field_low,5.5e-8,0.027130890838622954,0.009254635979882301
RA_20231005_downstream,6,0.027130890838622954,2.9316,lab_ceiling,1.5e-7,0.07399333865078987,0.02523991630876991
RA_20231005_downstream,7,0.008337658863867113,-3.2191,field_high,9.5e-8,0.014401410764861377,-0.004473738238905712
RA_20231005_downstream,7,0.008337658863867113,-3.2191,field_low,5.5e-8,0.008337658863867113,-0.0025900589804190963
RA_20231005_downstream,7,0.008337658863867113,-3.2191,lab_ceiling,1.5e-7,0.022739069628728487,-0.007063797219324807
RA_20231005_downstream,8,0.017112636090792346,-0.366,field_high,9.5e-8,0.0295581896113686,-0.08076008090537869
RA_20231005_downstream,8,0.017112636090792346,-0.366,field_low,5.5e-8,0.017112636090792346,-0.04675583631364029
RA_20231005_downstream,8,0.017112636090792346,-0.366,lab_ceiling,1.5e-7,0.04667082570216094,-0.12751591721901898
RA_20231005_downstream,9,0.31387596243329385,120.0436,field_high,9.5e-8,0.5421493896575076,0.004516270668802899
RA_20231005_downstream,9,0.31387596243329385,120.0436,field_low,5.5e-8,0.31387596243329385,0.002614683018780625
RA_20231005_downstream,9,0.31387596243329385,120.0436,lab_ceiling,1.5e-7,0.8560253520908013,0.007130953687583523
RA_20231005_downstream,10,0.05552069771787137,12.5172,field_high,9.5e-8,0.09589938696723237,0.007661408858788896
RA_20231005_downstream,10,0.05552069771787137,12.5172,field_low,5.5e-8,0.05552069771787137,0.004435552497193571
RA_20231005_downstream,10,0.05552069771787137,12.5172,lab_ceiling,1.5e-7,0.1514200846851037,0.012096961355982464
RA_20231005_downstream,11,0.021779391898304412,1.1647,field_high,9.5e-8,0.0376189496425258,0.032299261305508545
RA_20231005_downstream,11,0.021779391898304412,1.1647,field_low,5.5e-8,0.021779391898304412,0.018699572334768103
RA_20231005_downstream,11,0.021779391898304412,1.1647,lab_ceiling,1.5e-7,0.05939834154083021,0.05099883364027664
RA_20231005_downstream,12,0.02879623183399008,3.484,field_high,9.5e-8,0.04973894589507378,0.014276390899848961
RA_20231005_downstream,12,0.02879623183399008,3.484,field_low,5.5e-8,0.02879623183399008,0.008265278942017819
RA_20231005_downstream,12,0.02879623183399008,3.484,lab_ceiling,1.5e-7,0.07853517772906385,0.022541669841866778
RA_20231005_downstream,13,0.014106496125415122,-1.3471,field_high,9.5e-8,0.02436576603480794,-0.018087570362117094
RA_20231005_downstream,13,0.014106496125415122,-1.3471,field_low,5.5e-8,0.014106496125415122,-0.010471751262278318
RA_20231005_downstream,13,0.014106496125415122,-1.3471,lab_ceiling,1.5e-7,0.03847226216022306,-0.028559321624395412
RA_20231005_downstream,14,0.3652803710318124,NA,field_high,9.5e-8,0.6309388226913123,NA
RA_20231005_downstream,14,0.3652803710318124,NA,field_low,5.5e-8,0.3652803710318124,NA
RA_20231005_downstream,14,0.3652803710318124,NA,lab_ceiling,1.5e-7,0.9962191937231246,NA
RA_20231005_downstream,15,0.01664590511558791,-0.5186,field_high,9.5e-8,0.028752017926924573,-0.05544160803494905
RA_20231005_downstream,15,0.01664590511558791,-0.5186,field_low,5.5e-8,0.01664590511558791,-0.03209777307286524
RA_20231005_downstream,15,0.01664590511558791,-0.5186,lab_ceiling,1.5e-7,0.04539792304251248,-0.08753938110781427
RA_20231005_downstream,16,0.17513151606039468,57.2618,field_high,9.5e-8,0.30249989137704536,0.005282752050704752
RA_20231005_downstream,16,0.17513151606039468,57.2618,field_low,5.5e-8,0.17513151606039468,0.003058435397776435
RA_20231005_downstream,16,0.17513151606039468,57.2618,lab_ceiling,1.5e-7,0.47763140743744,0.008341187448481186
RA_20231005_downstream,17,0.019234153914168516,0.3287,field_high,9.5e-8,0.03322262948810926,0.10107280038974524
RA_20231005_downstream,17,0.019234153914168516,0.3287,field_low,5.5e-8,0.019234153914168516,0.05851583180458934
RA_20231005_downstream,17,0.019234153914168516,0.3287,lab_ceiling,1.5e-7,0.05245678340227777,0.15958863219433456
RA_20231005_downstream,18,0.02746697986472145,3.043,field_high,9.5e-8,0.0474429652208825,0.015590852849452021
RA_20231005_downstream,18,0.02746697986472145,3.043,field_low,5.5e-8,0.02746697986472145,0.009026283228630118
RA_20231005_downstream,18,0.02746697986472145,3.043,lab_ceiling,1.5e-7,0.07490994508560395,0.024617136078082136
RA_20231005_downstream,19,0.016823023547430153,-0.4607,field_high,9.5e-8,0.029057949763742992,-0.06307347463369437
RA_20231005_downstream,19,0.016823023547430153,-0.4607,field_low,5.5e-8,0.016823023547430153,-0.036516222156349365
RA_20231005_downstream,19,0.016823023547430153,-0.4607,lab_ceiling,1.5e-7,0.04588097331117314,-0.09958969679004372
RA_20231005_downstream,20,0.10329037707111419,29.4973,field_high,9.5e-8,0.17841065130465178,0.006048372268127991
RA_20231005_downstream,20,0.10329037707111419,29.4973,field_low,5.5e-8,0.10329037707111419,0.0035016892078635737
RA_20231005_downstream,20,0.10329037707111419,29.4973,lab_ceiling,1.5e-7,0.28170102837576594,0.009550061475991564
RA_20231005_downstream,21,0.017146639658035562,-0.3549,field_high,9.5e-8,0.02961692304569779,-0.08345145969483739
RA_20231005_downstream,21,0.017146639658035562,-0.3549,field_low,5.5e-8,0.017146639658035562,-0.04831400298122165
RA_20231005_downstream,21,0.017146639658035562,-0.3549,lab_ceiling,1.5e-7,0.046763562703733344,-0.13176546267605901
RA_20231005_downstream,22,0.026422804275691398,2.6971,field_high,9.5e-8,0.04563938920346696,0.016921652591104137
RA_20231005_downstream,22,0.026422804275691398,2.6971,field_low,5.5e-8,0.026422804275691398,0.009796746236955025
RA_20231005_downstream,22,0.026422804275691398,2.6971,lab_ceiling,1.5e-7,0.07206219347915835,0.026718398828059157
RA_20231005_downstream,23,0.019919414730519218,0.5535,field_high,9.5e-8,0.03440626180726047,0.062161267944463354
RA_20231005_downstream,23,0.019919414730519218,0.5535,field_low,5.5e-8,0.019919414730519218,0.035988102494162996
RA_20231005_downstream,23,0.019919414730519218,0.5535,lab_ceiling,1.5e-7,0.05432567653777968,0.09814937043862634
RA_20231005_downstream,24,0.02489571029294273,2.1921,field_high,9.5e-8,0.0430016814150829,0.01961666046945071
RA_20231005_downstream,24,0.02489571029294273,2.1921,field_low,5.5e-8,0.02489571029294273,0.011357013955997778
RA_20231005_downstream,24,0.02489571029294273,2.1921,lab_ceiling,1.5e-7,0.06789739170802563,0.030973674425448485
RA_20231005_downstream,25,0.02621065204025885,2.6269,field_high,9.5e-8,0.045272944433174374,0.017234361579494602
RA_20231005_downstream,25,0.02621065204025885,2.6269,field_low,5.5e-8,0.02621065204025885,0.009977788282865297
RA_20231005_downstream,25,0.02621065204025885,2.6269,lab_ceiling,1.5e-7,0.07148359647343322,0.0272121498623599
RA_20231005_downstream,26,0.025222854892737973,2.3002,field_high,9.5e-8,0.043566749360183774,0.018940417946345437
RA_20231005_downstream,26,0.025222854892737973,2.3002,field_low,5.5e-8,0.025222854892737973,0.01096550512683157
RA_20231005_downstream,26,0.025222854892737973,2.3002,lab_ceiling,1.5e-7,0.06878960425292174,0.029905923073177007
RA_20231005_downstream,27,0.024766688526952272,2.1495,field_high,9.5e-8,0.04277882563746301,0.01990175651894069
RA_20231005_downstream,27,0.024766688526952272,2.1495,field_low,5.5e-8,0.024766688526952272,0.011522069563597241
RA_20231005_downstream,27,0.024766688526952272,2.1495,lab_ceiling,1.5e-7,0.06754551416441529,0.03142382608253793
RA_20231005_downstream,28,0.02372358470681219,1.8052,field_high,9.5e-8,0.04097710085722106,0.02269947975693611
RA_20231005_downstream,28,0.02372358470681219,1.8052,field_low,5.5e-8,0.02372358470681219,0.013141804069805115
RA_20231005_downstream,28,0.02372358470681219,1.8052,lab_ceiling,1.5e-7,0.06470068556403324,0.03584128382674122
RA_20231005_downstream,29,0.03317850840968171,4.9434,field_high,9.5e-8,0.05730833270763204,0.0115928981485682
RA_20231005_downstream,29,0.03317850840968171,4.9434,field_low,5.5e-8,0.03317850840968171,0.006711677875486853
RA_20231005_downstream,29,0.03317850840968171,4.9434,lab_ceiling,1.5e-7,0.09048684111731374,0.018304576024055053
RA_20231005_downstream,30,0.018239914509609875,0.0029,field_high,9.5e-8,0.031505306880235236,10.863898924219047
RA_20231005_downstream,30,0.018239914509609875,0.0029,field_low,5.5e-8,0.018239914509609875,6.289625692968922
RA_20231005_downstream,30,0.018239914509609875,0.0029,lab_ceiling,1.5e-7,0.04974522138984511,17.15352461718797
RC_20231007_single,2,0.1311137333492741,20.6222,field_high,9.5e-8,0.2264691757851098,0.010981814538948793
RC_20231007_single,2,0.1311137333492741,20.6222,field_low,5.5e-8,0.1311137333492741,0.0063578926278124595
RC_20231007_single,2,0.1311137333492741,20.6222,lab_ceiling,1.5e-7,0.35758290913438384,0.01733970716676125
RC_20231007_single,3,0.030225665710630366,1.295,field_high,9.5e-8,0.05220796804563427,0.040315033239872025
RC_20231007_single,3,0.030225665710630366,1.295,field_low,5.5e-8,0.030225665710630366,0.023340282402031173
RC_20231007_single,3,0.030225665710630366,1.295,lab_ceiling,1.5e-7,0.08243363375626463,0.06365531564190319
RC_20231007_single,4,0.04587969629377717,4.167,field_high,9.5e-8,0.07924674814379692,0.01901769813866017
RC_20231007_single,4,0.04587969629377717,4.167,field_low,5.5e-8,0.04587969629377717,0.011010246290803256
RC_20231007_single,4,0.04587969629377717,4.167,lab_ceiling,1.5e-7,0.1251264444375741,0.030027944429463427
RC_20231007_single,5,0.17995726877402984,30.7242,field_high,9.5e-8,0.31083528242786973,0.010116952839386208
RC_20231007_single,5,0.17995726877402984,30.7242,field_low,5.5e-8,0.17995726877402984,0.005857183222802541
RC_20231007_single,5,0.17995726877402984,30.7242,lab_ceiling,1.5e-7,0.4907925512018995,0.015974136062188747
RC_20231007_single,6,0.1661544092273236,27.8164,field_high,9.5e-8,0.28699397957446804,0.010317437899026043
RC_20231007_single,6,0.1661544092273236,27.8164,field_low,5.5e-8,0.1661544092273236,0.005973253520488762
RC_20231007_single,6,0.1661544092273236,27.8164,lab_ceiling,1.5e-7,0.45314838880179165,0.016290691419514804
RC_20231007_single,7,0.18653645044499878,32.125,field_high,9.5e-8,0.32219932349590696,0.01002955092594263
RC_20231007_single,7,0.18653645044499878,32.125,field_low,5.5e-8,0.18653645044499878,0.005806582115019417
RC_20231007_single,7,0.18653645044499878,32.125,lab_ceiling,1.5e-7,0.5087357739409057,0.015836133040962045
RC_20231007_single,8,0.1418518923400787,22.799,field_high,9.5e-8,0.24501690495104503,0.010746826832363044
RC_20231007_single,8,0.1418518923400787,22.799,field_low,5.5e-8,0.1418518923400787,0.006221847113473341
RC_20231007_single,8,0.1418518923400787,22.799,lab_ceiling,1.5e-7,0.38686879729112367,0.01696867394583638
RC_20231007_single,9,0.14669187479395843,23.7881,field_high,9.5e-8,0.25337687464411,0.010651412876358768
RC_20231007_single,9,0.14669187479395843,23.7881,field_low,5.5e-8,0.14669187479395843,0.006166607454734023
RC_20231007_single,9,0.14669187479395843,23.7881,lab_ceiling,1.5e-7,0.4000687494380684,0.01681802033109279
RC_20231007_single,10,0.2048814208431113,36.0837,field_high,9.5e-8,0.3538860905471923,0.009807367053467141
RC_20231007_single,10,0.2048814208431113,36.0837,field_low,5.5e-8,0.2048814208431113,0.005677949346744134
RC_20231007_single,10,0.2048814208431113,36.0837,lab_ceiling,1.5e-7,0.5587675113903036,0.015485316400211275
RC_20231007_single,11,0.2415396314706859,44.2337,field_high,9.5e-8,0.4172048179948211,0.009431831793289306
RC_20231007_single,11,0.2415396314706859,44.2337,field_low,5.5e-8,0.2415396314706859,0.005460534196114861
RC_20231007_single,11,0.2415396314706859,44.2337,lab_ceiling,1.5e-7,0.658744449465507,0.014892365989404166
RC_20231007_single,12,0.30852198858402985,60.0057,field_high,9.5e-8,0.5329016166451425,0.008880849930009024
RC_20231007_single,12,0.30852198858402985,60.0057,field_low,5.5e-8,0.30852198858402985,0.0051415446963210135
RC_20231007_single,12,0.30852198858402985,60.0057,lab_ceiling,1.5e-7,0.8414236052291723,0.014022394626330037
RC_20231007_single,13,0.21179992767740244,37.5971,field_high,9.5e-8,0.3658362387155133,0.009730437685766011
RC_20231007_single,13,0.21179992767740244,37.5971,field_low,5.5e-8,0.21179992767740244,0.00563341129175927
RC_20231007_single,13,0.21179992767740244,37.5971,lab_ceiling,1.5e-7,0.5776361663929157,0.01536384897752528
RC_20231007_single,14,0.17721778563506974,30.1436,field_high,9.5e-8,0.30610344791512045,0.010154840427656964
RC_20231007_single,14,0.17721778563506974,30.1436,field_low,5.5e-8,0.17721778563506974,0.005879118142327716
RC_20231007_single,14,0.17721778563506974,30.1436,lab_ceiling,1.5e-7,0.48332123355019013,0.01603395856998468
RC_20231007_single,15,0.1656832664312923,27.718,field_high,9.5e-8,0.2861801874722322,0.010324705515269218
RC_20231007_single,15,0.1656832664312923,27.718,field_low,5.5e-8,0.1656832664312923,0.005977461087787441
RC_20231007_single,15,0.1656832664312923,27.718,lab_ceiling,1.5e-7,0.45186345390352445,0.016302166603056657
RC_20231007_single,16,0.413972376530216,87.4355,field_high,9.5e-8,0.7150431958249186,0.008177950555837372
RC_20231007_single,16,0.413972376530216,87.4355,field_low,5.5e-8,0.413972376530216,0.004734602953379531
RC_20231007_single,16,0.413972376530216,87.4355,lab_ceiling,1.5e-7,1.1290155723551345,0.012912553509216902
RC_20231007_single,17,0.08225039520590184,11.0153,field_high,9.5e-8,0.14206886444655772,0.012897412185465465
RC_20231007_single,17,0.08225039520590184,11.0153,field_low,5.5e-8,0.08225039520590184,0.0074669228442168474
RC_20231007_single,17,0.08225039520590184,11.0153,lab_ceiling,1.5e-7,0.22431925965245955,0.02036433502968231
RC_20231007_single,18,0.07507565082366169,9.6445,field_high,9.5e-8,0.1296761241499611,0.013445603623823018
RC_20231007_single,18,0.07507565082366169,9.6445,field_low,5.5e-8,0.07507565082366169,0.007784296834844905
RC_20231007_single,18,0.07507565082366169,9.6445,lab_ceiling,1.5e-7,0.20475177497362276,0.02122990045866792
RC_20231007_single,19,0.06199807315484883,7.1712,field_high,9.5e-8,0.10708758090382979,0.01493300715414851
RC_20231007_single,19,0.06199807315484883,7.1712,field_low,5.5e-8,0.06199807315484883,0.008645425194507032
RC_20231007_single,19,0.06199807315484883,7.1712,lab_ceiling,1.5e-7,0.16908565405867862,0.023578432348655542
RC_20231007_single,20,0.04082461823848988,3.2347,field_high,9.5e-8,0.07051524968466434,0.021799625833822098
RC_20231007_single,20,0.04082461823848988,3.2347,field_low,5.5e-8,0.04082461823848988,0.012620836009054897
RC_20231007_single,20,0.04082461823848988,3.2347,lab_ceiling,1.5e-7,0.11133986792315421,0.034420461842877
RC_20231007_single,21,0.039171446281388224,2.9308,field_high,9.5e-8,0.06765977084967056,0.02308576868079383
RC_20231007_single,21,0.039171446281388224,2.9308,field_low,5.5e-8,0.039171446281388224,0.013365445025722745
RC_20231007_single,21,0.039171446281388224,2.9308,lab_ceiling,1.5e-7,0.10683121713105878,0.03645121370651658
RC_20231007_single,22,0.01996338743009634,-0.5639,field_high,9.5e-8,0.03448221465198459,-0.061149520574542635
RC_20231007_single,22,0.01996338743009634,-0.5639,field_low,5.5e-8,0.01996338743009634,-0.03540235401684047
RC_20231007_single,22,0.01996338743009634,-0.5639,lab_ceiling,1.5e-7,0.05444560208208092,-0.09655187459138309
RC_20231007_single,23,0.018644718508244253,-0.8014,field_high,9.5e-8,0.03220451378696735,-0.040185317927336345
RC_20231007_single,23,0.018644718508244253,-0.8014,field_low,5.5e-8,0.018644718508244253,-0.023265184063194725
RC_20231007_single,23,0.018644718508244253,-0.8014,lab_ceiling,1.5e-7,0.0508492322952116,-0.06345050199053107
RC_20231007_single,24,0.0728706201253236,15.893,field_high,9.5e-8,0.12586743476192258,0.007919677516008467
RC_20231007_single,24,0.0728706201253236,15.893,field_low,5.5e-8,0.0728706201253236,0.004585076456636481
RC_20231007_single,24,0.0728706201253236,15.893,lab_ceiling,1.5e-7,0.19873805488724616,0.012504753972644948
RS_20231011_single,3,0.02337555412118882,5.9275,field_high,9.5e-8,0.04037595711841705,0.006811633423604732
RS_20231011_single,3,0.02337555412118882,5.9275,field_low,5.5e-8,0.02337555412118882,0.003943577245244845
RS_20231011_single,3,0.02337555412118882,5.9275,lab_ceiling,1.5e-7,0.06375151123960586,0.010755210668849576
RS_20231011_single,4,0.1778618171154114,66.4119,field_high,9.5e-8,0.3072158659266197,0.004625915926612847
RS_20231011_single,4,0.1778618171154114,66.4119,field_low,5.5e-8,0.1778618171154114,0.0026781618522495427
RS_20231011_single,4,0.1778618171154114,66.4119,lab_ceiling,1.5e-7,0.4850776830420311,0.007304077778862389
RS_20231011_single,5,0.68758873138109,362.4371,field_high,9.5e-8,1.18765326329461,0.00327685345483288
RS_20231011_single,5,0.68758873138109,362.4371,field_low,5.5e-8,0.68758873138109,0.0018971256843769305
RS_20231011_single,5,0.68758873138109,362.4371,lab_ceiling,1.5e-7,1.8752419946757,0.005173979139209811
RS_20231011_single,6,0.03576519073704801,10.4381,field_high,9.5e-8,0.0617762385458102,0.005918341321295082
RS_20231011_single,6,0.03576519073704801,10.4381,field_low,5.5e-8,0.03576519073704801,0.003426408133381363
RS_20231011_single,6,0.03576519073704801,10.4381,lab_ceiling,1.5e-7,0.0975414292828582,0.009344749454676443
RS_20231011_single,7,0.04242837352369375,12.8868,field_high,9.5e-8,0.07328537245001648,0.0056868557322233984
RS_20231011_single,7,0.04242837352369375,12.8868,field_low,5.5e-8,0.04242837352369375,0.0032923901607609146
RS_20231011_single,7,0.04242837352369375,12.8868,lab_ceiling,1.5e-7,0.11571374597371023,0.008979245892984312
RS_20231011_single,8,0.058205652466942544,18.7498,field_high,9.5e-8,0.1005370360792644,0.005362032452573595
RS_20231011_single,8,0.058205652466942544,18.7498,field_low,5.5e-8,0.058205652466942544,0.0031043345778057657
RS_20231011_single,8,0.058205652466942544,18.7498,lab_ceiling,1.5e-7,0.15874268854620693,0.00846636703037936
RS_20231011_single,9,0.05511225724257823,17.593,field_high,9.5e-8,0.09519389887354422,0.005410896315213108
RS_20231011_single,9,0.05511225724257823,17.593,field_low,5.5e-8,0.05511225724257823,0.0031326241824918
RS_20231011_single,9,0.05511225724257823,17.593,lab_ceiling,1.5e-7,0.15030615611612244,0.008543520497704907
RS_20231011_single,10,0.06961147369984466,23.0462,field_high,9.5e-8,0.12023800002700441,0.005217259245645894
RS_20231011_single,10,0.06961147369984466,23.0462,field_low,5.5e-8,0.06961147369984466,0.003020518510637097
RS_20231011_single,10,0.06961147369984466,23.0462,lab_ceiling,1.5e-7,0.18984947372684907,0.008237777756282991
RS_20231011_single,11,0.05662536027742927,18.1584,field_high,9.5e-8,0.09780744047919601,0.0053863468410871
RS_20231011_single,11,0.05662536027742927,18.1584,field_low,5.5e-8,0.05662536027742927,0.0031184113290504264
RS_20231011_single,11,0.05662536027742927,18.1584,lab_ceiling,1.5e-7,0.15443280075662527,0.008504758170137527
RS_20231011_single,12,0.07696525284773885,25.8424,field_high,9.5e-8,0.13293998219154893,0.005144258358029785
RS_20231011_single,12,0.07696525284773885,25.8424,field_low,5.5e-8,0.07696525284773885,0.0029782548388593492
RS_20231011_single,12,0.07696525284773885,25.8424,lab_ceiling,1.5e-7,0.20990523503928776,0.008122513196889133
RS_20231011_single,13,0.08458923027342245,28.7632,field_high,9.5e-8,0.14610867047227516,0.005079708463323801
RS_20231011_single,13,0.08458923027342245,28.7632,field_low,5.5e-8,0.08458923027342245,0.0029408838471874634
RS_20231011_single,13,0.08458923027342245,28.7632,lab_ceiling,1.5e-7,0.23069790074569757,0.008020592310511263
RS_20231011_single,14,0.07140619868590797,23.7267,field_high,9.5e-8,0.1233379795483865,0.0051982778704323185
RS_20231011_single,14,0.07140619868590797,23.7267,field_low,5.5e-8,0.07140619868590797,0.0030095292934081844
RS_20231011_single,14,0.07140619868590797,23.7267,lab_ceiling,1.5e-7,0.19474417823429446,0.008207807163840503
RS_20231011_single,15,0.07468650293553815,24.9737,field_high,9.5e-8,0.12900395961592953,0.005165592588039799
RS_20231011_single,15,0.07468650293553815,24.9737,field_low,5.5e-8,0.07468650293553815,0.002990606235180936
RS_20231011_single,15,0.07468650293553815,24.9737,lab_ceiling,1.5e-7,0.20369046255146767,0.008156198823220735
RS_20231011_single,16,0.29589998788568145,119.7579,field_high,9.5e-8,0.5110999790752679,0.004267776731850408
RS_20231011_single,16,0.29589998788568145,119.7579,field_low,5.5e-8,0.29589998788568145,0.002470818107913394
RS_20231011_single,16,0.29589998788568145,119.7579,lab_ceiling,1.5e-7,0.8069999669609493,0.006738594839763801
RS_20231011_single,17,0.07494904577832656,25.0737,field_high,9.5e-8,0.12945744270801862,0.005163076957450182
RS_20231011_single,17,0.07494904577832656,25.0737,field_low,5.5e-8,0.07494904577832656,0.0029891498174711576
RS_20231011_single,17,0.07494904577832656,25.0737,lab_ceiling,1.5e-7,0.20440648848634516,0.00815222677492134
RS_20231011_single,18,0.05673982354058907,18.2012,field_high,9.5e-8,0.09800514975192658,0.0053845433131841074
RS_20231011_single,18,0.05673982354058907,18.2012,field_low,5.5e-8,0.05673982354058907,0.0031173671813171148
RS_20231011_single,18,0.05673982354058907,18.2012,lab_ceiling,1.5e-7,0.15474497329251563,0.008501910494501221
RS_20231011_single,19,0.05673982354058907,18.2012,field_high,9.5e-8,0.09800514975192658,0.0053845433131841074
RS_20231011_single,19,0.05673982354058907,18.2012,field_low,5.5e-8,0.05673982354058907,0.0031173671813171148
RS_20231011_single,19,0.05673982354058907,18.2012,lab_ceiling,1.5e-7,0.15474497329251563,0.008501910494501221
RS_20231011_single,20,0.03749789224213861,11.0733,field_high,9.5e-8,0.0647690866000576,0.005849122357387374
RS_20231011_single,20,0.03749789224213861,11.0733,field_low,5.5e-8,0.03749789224213861,0.003386333996382164
RS_20231011_single,20,0.03749789224213861,11.0733,lab_ceiling,1.5e-7,0.10226697884219621,0.009235456353769537
RS_20231011_single,21,0.015183752983405694,2.9752,field_high,9.5e-8,0.02622648242588256,0.008815031737658833
RS_20231011_single,21,0.015183752983405694,2.9752,field_low,5.5e-8,0.015183752983405694,0.00510343942706564
RS_20231011_single,21,0.015183752983405694,2.9752,lab_ceiling,1.5e-7,0.04141023540928825,0.013918471164724474
RS_20231011_single,22,0.029116453931729833,8.0107,field_high,9.5e-8,0.050292056791169715,0.006278110126601884
RS_20231011_single,22,0.029116453931729833,8.0107,field_low,5.5e-8,0.029116453931729833,0.0036346953364537224
RS_20231011_single,22,0.029116453931729833,8.0107,lab_ceiling,1.5e-7,0.07940851072289953,0.009912805463055605
RS_20231011_single,23,0.025964448160326215,6.8655,field_high,9.5e-8,0.044847683186018006,0.006532325859153449
RS_20231011_single,23,0.025964448160326215,6.8655,field_low,5.5e-8,0.025964448160326215,0.0037818728658256815
RS_20231011_single,23,0.025964448160326215,6.8655,lab_ceiling,1.5e-7,0.07081213134634422,0.01031419872497913
SR_20231011_single,4,0.7800440066470826,0.7852,field_high,9.5e-8,1.347348738754052,1.7159306402878909
SR_20231011_single,4,0.7800440066470826,0.7852,field_low,5.5e-8,0.7800440066470826,0.9934335285877262
SR_20231011_single,4,0.7800440066470826,0.7852,lab_ceiling,1.5e-7,2.127392745401134,2.7093641688756165
SR_20231011_single,5,0.9395966914422399,0.931667,field_high,9.5e-8,1.622939739763869,1.7419740527075327
SR_20231011_single,5,0.9395966914422399,0.931667,field_low,5.5e-8,0.9395966914422399,1.008511293672782
SR_20231011_single,5,0.9395966914422399,0.931667,lab_ceiling,1.5e-7,2.5625364312061087,2.750485346380315
SR_20231011_single,6,0.9995315631808137,1.414967,field_high,9.5e-8,1.7264636091304963,1.2201440804842065
SR_20231011_single,6,0.9995315631808137,1.414967,field_low,5.5e-8,0.9995315631808137,0.7063992044908565
SR_20231011_single,6,0.9995315631808137,1.414967,lab_ceiling,1.5e-7,2.72599517231131,1.9265432849750628
SR_20231011_single,7,0.4899245512553898,-2.659433,field_high,9.5e-8,0.8462333158047642,-0.31820065247169765
SR_20231011_single,7,0.4899245512553898,-2.659433,field_low,5.5e-8,0.4899245512553898,-0.18422143037835126
SR_20231011_single,7,0.4899245512553898,-2.659433,lab_ceiling,1.5e-7,1.336157867060154,-0.5024220828500489
SR_20231011_single,8,1.1481683049740632,2.618267,field_high,9.5e-8,1.9831997995006547,0.757447502298526
SR_20231011_single,8,1.1481683049740632,2.618267,field_low,5.5e-8,1.1481683049740632,0.4385222381728308
SR_20231011_single,8,1.1481683049740632,2.618267,lab_ceiling,1.5e-7,3.1313681044747175,1.1959697404713567
SR_20231011_single,9,1.1222885387270565,2.408267,field_high,9.5e-8,1.9384983850740067,0.8049349947800667
SR_20231011_single,9,1.1222885387270565,2.408267,field_low,5.5e-8,1.1222885387270565,0.4660149969779333
SR_20231011_single,9,1.1222885387270565,2.408267,lab_ceiling,1.5e-7,3.060786923801063,1.2709499917579998
SR_20231011_single,10,7.5706266861696445,62.042167,field_high,9.5e-8,13.076537003383931,0.2107685407471975
SR_20231011_single,10,7.5706266861696445,62.042167,field_low,5.5e-8,7.5706266861696445,0.12202389201153539
SR_20231011_single,10,7.5706266861696445,62.042167,lab_ceiling,1.5e-7,20.647163689553576,0.3327924327587329
SR_20231011_single,11,1.2067232039529154,3.094167,field_high,9.5e-8,2.084340079555036,0.6736352884492129
SR_20231011_single,11,1.2067232039529154,3.094167,field_low,5.5e-8,1.2067232039529154,0.3899993775232285
SR_20231011_single,11,1.2067232039529154,3.094167,lab_ceiling,1.5e-7,3.2910632835079507,1.0636346659724412
SR_20231011_single,12,0.9214390947953243,0.785467,field_high,9.5e-8,1.5915766182828328,2.0262806945203717
SR_20231011_single,12,0.9214390947953243,0.785467,field_low,5.5e-8,0.9214390947953243,1.173109875774952
SR_20231011_single,12,0.9214390947953243,0.785467,lab_ceiling,1.5e-7,2.5130157130781567,3.199390570295323
SR_20231011_single,14,1.146432335798989,2.604167,field_high,9.5e-8,1.9802013072891627,0.7603972046681963
SR_20231011_single,14,1.146432335798989,2.604167,field_low,5.5e-8,1.146432335798989,0.44022996059737685
SR_20231011_single,14,1.146432335798989,2.604167,lab_ceiling,1.5e-7,3.1266336430881516,1.2006271652655731
SR_20231011_single,15,1.5995887486035016,6.314967,field_high,9.5e-8,2.762926020315139,0.4375202626260975
SR_20231011_single,15,1.5995887486035016,6.314967,field_low,5.5e-8,1.5995887486035016,0.253301204678267
SR_20231011_single,15,1.5995887486035016,6.314967,lab_ceiling,1.5e-7,4.362514768918641,0.6908214673043644
SR_20231011_single,16,1.6068884702148603,6.375267,field_high,9.5e-8,2.7755346303711224,0.4353597473440912
SR_20231011_single,16,1.6068884702148603,6.375267,field_low,5.5e-8,1.6068884702148603,0.25205038004131597
SR_20231011_single,16,1.6068884702148603,6.375267,lab_ceiling,1.5e-7,4.382423100585982,0.6874101273854072
SR_20231011_single,17,7.754149201122857,63.985067,field_high,9.5e-8,13.393530438303117,0.20932275398419317
SR_20231011_single,17,7.754149201122857,63.985067,field_low,5.5e-8,7.754149201122857,0.12118685756979604
SR_20231011_single,17,7.754149201122857,63.985067,lab_ceiling,1.5e-7,21.147679639425974,0.3305096115539892
SR_20231011_single,18,1.3826036069461802,4.530067,field_high,9.5e-8,2.3881335029070385,0.5271739916665777
SR_20231011_single,18,1.3826036069461802,4.530067,field_low,5.5e-8,1.3826036069461802,0.3052059951753871
SR_20231011_single,18,1.3826036069461802,4.530067,lab_ceiling,1.5e-7,3.7707371098532185,0.8323799868419647
SR_20231011_single,19,2.861179297709548,16.995367,field_high,9.5e-8,4.9420369687710375,0.2907873050797336
SR_20231011_single,19,2.861179297709548,16.995367,field_low,5.5e-8,2.861179297709548,0.16835054504616156
SR_20231011_single,19,2.861179297709548,16.995367,lab_ceiling,1.5e-7,7.803216266480585,0.45913785012589514
SR_20231011_single,20,2.079351072761491,10.314867,field_high,9.5e-8,3.5916063984062117,0.3481970633655491
SR_20231011_single,20,2.079351072761491,10.314867,field_low,5.5e-8,2.079351072761491,0.2015877735274232
SR_20231011_single,20,2.079351072761491,10.314867,lab_ceiling,1.5e-7,5.670957471167703,0.5497848368929723
SR_20231011_single,21,1.8613896426917587,8.488467,field_high,9.5e-8,3.2151275646494013,0.3787642179264408
SR_20231011_single,21,1.8613896426917587,8.488467,field_low,5.5e-8,1.8613896426917587,0.219284547220571
SR_20231011_single,21,1.8613896426917587,8.488467,lab_ceiling,1.5e-7,5.076517207341159,0.5980487651470118
SR_20231011_single,22,2.4114810306639494,13.127867,field_high,9.5e-8,4.1652854166013675,0.31728577206040914
SR_20231011_single,22,2.4114810306639494,13.127867,field_low,5.5e-8,2.4114810306639494,0.18369176277181581
SR_20231011_single,22,2.4114810306639494,13.127867,lab_ceiling,1.5e-7,6.576766447265316,0.5009775348322248
SR_20231011_single,23,2.164666670731093,11.033967,field_high,9.5e-8,3.7389697039900693,0.33885996795078954
SR_20231011_single,23,2.164666670731093,11.033967,field_low,5.5e-8,2.164666670731093,0.19618208670835183
SR_20231011_single,23,2.164666670731093,11.033967,lab_ceiling,1.5e-7,5.903636374721162,0.5350420546591413
SR_20231011_single,24,2.260151659725885,11.841667,field_high,9.5e-8,3.9038983213447107,0.3296747258088503
SR_20231011_single,24,2.260151659725885,11.841667,field_low,5.5e-8,2.260151659725885,0.19086431494196596
SR_20231011_single,24,2.260151659725885,11.841667,lab_ceiling,1.5e-7,6.164049981070595,0.5205390407508161
SR_20231011_single,25,1.6346963392299874,6.605167,field_high,9.5e-8,2.8235664041245236,0.4274784277406648
SR_20231011_single,25,1.6346963392299874,6.605167,field_low,5.5e-8,1.6346963392299874,0.247487510797227
SR_20231011_single,25,1.6346963392299874,6.605167,lab_ceiling,1.5e-7,4.458262743354511,0.6749659385378918
SR_20231011_single,26,1.8352993679772076,8.270867,field_high,9.5e-8,3.1700625446879043,0.3832805611174625
SR_20231011_single,26,1.8352993679772076,8.270867,field_low,5.5e-8,1.8352993679772076,0.22189927222589934
SR_20231011_single,26,1.8352993679772076,8.270867,lab_ceiling,1.5e-7,5.005361912665111,0.6051798333433618
SR_20231011_single,27,7.986543485423116,66.467967,field_high,9.5e-8,13.794938747549018,0.20754266107686156
SR_20231011_single,27,7.986543485423116,66.467967,field_low,5.5e-8,7.986543485423116,0.12015627746555142
SR_20231011_single,27,7.986543485423116,66.467967,lab_ceiling,1.5e-7,21.781482232972134,0.327698938542413
SR_20231011_single,28,3.1737424111314225,19.724167,field_high,9.5e-8,5.481918710136093,0.277929035489108
SR_20231011_single,28,3.1737424111314225,19.724167,field_low,5.5e-8,3.1737424111314225,0.16090628370422042
SR_20231011_single,28,3.1737424111314225,19.724167,lab_ceiling,1.5e-7,8.655661121267515,0.4388353191933284
SR_20231011_single,29,2.7535456273754937,16.063467,field_high,9.5e-8,4.756124265466762,0.2960832966797742
SR_20231011_single,29,2.7535456273754937,16.063467,field_low,5.5e-8,2.7535456273754937,0.17141664544618504
SR_20231011_single,29,2.7535456273754937,16.063467,lab_ceiling,1.5e-7,7.509669892842255,0.4674999421259592
SR_20231011_single,30,1.7911031493168097,7.902767,field_high,9.5e-8,3.0937236215472166,0.3914734701842047
SR_20231011_single,30,1.7911031493168097,7.902767,field_low,5.5e-8,1.7911031493168097,0.22664253536980272
SR_20231011_single,30,1.7911031493168097,7.902767,lab_ceiling,1.5e-7,4.884826770864026,0.6181160055540074
SR_20231011_single,31,0.5524253474904389,-2.163933,field_high,9.5e-8,0.9541892365743945,-0.4409513772258173
SR_20231011_single,31,0.5524253474904389,-2.163933,field_low,5.5e-8,0.5524253474904389,-0.25528763944652577
SR_20231011_single,31,0.5524253474904389,-2.163933,lab_ceiling,1.5e-7,1.5066145840648333,-0.696239016672343
