stream,date,sample_btc,a_PO4,a_HPO4,a_H2PO4
CB,20230907,10,1.4870853405085914e-12,8.478407382365015e-8,3.68888079530297e-8
CB,20230907,22,1.6030383805187237e-12,9.139497290018412e-8,3.976515224073621e-8
CB,20230907,14,3.4777367874928977e-12,1.9827825915436605e-7,8.626913396990148e-8
CB,20230907,5,5.28542232483814e-12,3.0134090113818624e-7,1.3111078683952898e-7
CB,20230907,8,5.800158618296025e-12,3.306878651055129e-7,1.4387939383106009e-7
CB,20230907,18,7.184239058912689e-12,4.0959925980393594e-7,1.7821305053161808e-7
CB,20230907,1,5.7684558399190306e-12,3.288803758988675e-7,1.4309297110785233e-7
CB,20230907,16,4.7251571250185086e-12,2.693981707727018e-7,1.1721278462276078e-7
CB,20230907,15,4.1469567566984504e-11,2.364328920646597e-6,1.028698805779696e-6
CB,20230907,20,1.1830855254550568e-10,6.745195302346776e-6,2.9347753993455954e-6
CB,20230907,12,1.2115496276737028e-10,6.907479367564206e-6,3.0053837747828675e-6
CB,20230907,3,8.567539829796092e-12,4.884662027318904e-7,2.1252736665616814e-7
CB,20230907,24,2.9957261237650465e-11,1.707971008213063e-6,7.431232266848148e-7
CB,20231008,3,3.9720319275146526e-13,8.238330441979605e-8,1.30213915452698e-7
CB,20231008,4,1.5457789086780203e-12,1.3995030658897505e-7,9.65588410797914e-8
CB,20231008,5,1.3005155774677254e-12,1.1774488108781556e-7,8.123818759688925e-8
CB,20231008,6,1.117172612824251e-12,1.0114554468288909e-7,6.97854603752147e-8
CB,20231008,7,1.1841653387459797e-12,1.0721087037684362e-7,7.397023734394045e-8
CB,20231008,8,4.288897309891295e-13,3.883042329522069e-8,2.6791085803306184e-8
CB,20231008,9,1.3011700211665173e-12,1.1780413250842727e-7,8.127906816832934e-8
CB,20231008,10,2.5582628600898866e-12,2.3161764570262062e-7,1.5980480491806566e-7
CB,20231008,11,1.7617858979282724e-12,1.5950694835787375e-7,1.1005196382201886e-7
CB,20231008,12,2.8525896778980437e-12,2.5826513594741623e-7,1.7819026500340567e-7
CB,20231008,13,2.1104551367401776e-12,1.9107444264565803e-7,1.3183198516326288e-7
CB,20231008,14,4.467814910588411e-12,4.045029098335855e-7,2.790871498527419e-7
CB,20231008,15,5.563116606848166e-12,5.036683256239159e-7,3.475064185009479e-7
CB,20231008,16,6.262259538564631e-12,5.669666842015408e-7,3.91179178464663e-7
CB,20231008,17,5.861332173609993e-12,5.306678918384761e-7,3.661347937212433e-7
CB,20231008,18,5.0803996927452664e-12,4.599645464190605e-7,3.173529563636926e-7
CB,20231008,19,5.106204229377895e-12,4.623008137810016e-7,3.1896486615096003e-07
CB,20231008,20,5.697693590928765e-12,5.158525326124864e-7,3.559129231736946e-7
CB,20231008,21,3.8228273753829086e-12,3.4610762264773956e-7,2.387972684468576e-7
CB,20231008,22,4.048512971949888e-12,3.66540537248234e-7,2.528949764247367e-7
CB,20231008,23,4.312306438184136e-12,3.9042362704095595e-7,2.693731359086075e-7
CB,20231008,24,4.195966959148265e-12,3.7989059048050916e-7,2.621058577716993e-7
CB,20231008,25,2.5141218292170132e-12,2.2762124571997677e-7,1.5704748512205644e-7
CB,20231008,26,2.4871273738264143e-12,2.2517724658988878e-7,1.5536124570355832e-7
CB,20231008,27,1.802485497406176e-12,1.6319177119573472e-7,1.1259431068413233e-7
CB,20231008,28,1.1701479739841768e-12,1.0594177912131501e-7,7.309462668009107e-8
CB,20231008,29,4.4488367620407565e-13,4.0278468370640404e-8,2.7790165817646538e-8
CB,20231008,30,1.0756448829338005e-12,9.73857453367568e-8,6.719138340315532e-8
CB,20231008,31,1.2276942547521948e-12,1.111518512676782e-7,7.668932068724648e-8
CC,20231006,3,4.053666813353202e-12,4.1911452804544333e-7,3.2606086007226847e-7
CC,20231006,4,4.013400113753119e-12,4.1495129520567366e-7,3.2282196666824527e-7
CC,20231006,5,8.293699378045648e-12,8.574976831174305e-7,6.671122410648856e-7
CC,20231006,6,9.32696547744652e-12,9.643285731573366e-7,7.502240626739891e-7
CC,20231006,7,8.614489844353602e-12,8.906646776136853e-7,6.929153522142243e-7
CC,20231006,8,1.197049194085506e-11,1.2376466323617707e-6,9.628588331103362e-7
CC,20231006,9,8.869385508616828e-12,9.170187123549245e-7,7.134181471762047e-7
CC,20231006,10,4.961690325212802e-12,5.129964041714186e-7,3.990986653175066e-7
CC,20231006,11,3.026372038020232e-12,3.1290102191589736e-7,2.434293480571653e-7
CC,20231006,12,3.2197969954161346e-12,3.328995105593522e-7,2.5898768347836866e-7
CC,20231006,13,1.5759499130455926e-12,1.6293976156441705e-7,1.26763152409509e-7
CC,20231006,14,1.6601329410599658e-12,1.7164356769358797e-7,1.3353450086553776e-7
CC,20231006,15,1.825641250219587e-12,1.8875571333233009e-7,1.4684733196846076e-7
CC,20231006,16,1.7795748517346953e-12,1.839928411603624e-7,1.4314193381858314e-7
CC,20231006,17,1.1627420239049465e-12,1.2021759484085753e-7,9.35263507863401e-8
CC,20231006,18,1.7284356101119255e-12,1.7870548033269782e-7,1.3902849631256142e-7
CC,20231006,19,1.1600909897771017e-12,1.199435005532698e-7,9.331311212919181e-8
CC,20231006,20,9.9670692347576275e-13,1.030509834839189e-7,8.017114668574858e-8
CC,20231006,21,1.3805968155354174e-12,1.4274191970048181e-7,1.1104972505476886e-7
CD,20231009,3,1.0854693770896734e-11,1.0888000059907998e-7,8.125199187195265e-9
CD,20231009,4,1.3168961522381266e-11,1.3209368856544672e-7,9.857526864990432e-9
CD,20231009,5,1.5152275314711904e-11,1.51987682026239e-7,1.134212145176765e-8
CD,20231009,6,1.2332871489454973e-11,1.237071338447624e-7,9.231677974239678e-9
CD,20231009,7,1.9620374160532058e-11,1.9680576858654366e-7,1.4686683157202785e-8
CD,20231009,8,2.1835841619093506e-11,2.1902842205855257e-7,1.634505462059909e-8
CD,20231009,9,1.9714244866333846e-11,1.9774735595138872e-7,1.4756949366326691e-8
CD,20231009,10,3.195674753355377e-11,3.205480287179521e-7,2.3920982439985e-8
CD,20231009,11,1.669120776304648e-11,1.6742422675363362e-7,1.2494077733747942e-8
CD,20231009,12,2.4448965300441586e-11,2.4523983934915237e-7,1.830108865157805e-8
CD,20231009,13,2.1691368717192645e-11,2.1757926006674292e-7,1.623691051908198e-8
CD,20231009,14,1.827068502143365e-11,1.8326746364904173e-7,1.3676383527620255e-8
CD,20231009,15,4.405043629746245e-11,4.4185599628032703e-7,3.297362198824809e-8
CD,20231009,16,4.312929341950274e-11,4.326163033676631e-7,3.228410743157258e-8
CD,20231009,17,3.3477106341577106e-11,3.357982671329882e-7,2.505903556353953e-8
CD,20231009,18,2.636143679040326e-11,2.644232360775842e-7,1.973265476700683e-8
CD,20231009,20,2.489564673326162e-11,2.497203595461791e-7,1.863544867052362e-8
CD,20231009,21,1.9987725262510574e-11,2.0049055132180026e-7,1.496166105507896e-8
CD,20231009,22,4.08903949842833e-11,4.1015862117845543e-7,3.0608196887248154e-8
CD,20231009,23,3.1319337484796165e-11,3.141543700892155e-7,2.344385395350841e-8
CD,20231009,24,3.842962678671599e-11,3.8547543356576775e-7,2.8766207405024544e-8
CD,20231009,25,3.872650966239174e-11,3.884533718073873e-7,2.898843684337139e-8
CD,20231009,26,1.737218300872442e-11,1.742548740959075e-7,1.3003816619935372e-8
CD,20231009,27,2.4241304313744487e-11,2.4315685766093493e-7,1.8145645585570372e-8
CD,20231009,28,1.8066045938550184e-11,1.8121479372235122e-7,1.3523202484929601e-8
CD,20231009,29,1.0480776716894606e-11,1.0512935687544807e-7,7.845306395433452e-9
CD,20231009,30,2.222428277534979e-11,2.2292475245888938e-7,1.6635819319604102e-8
CD,20231009,31,1.2524517498424731e-11,1.2562947435586807e-7,9.37513314940872e-9
CD,20231009,32,7.880788450461364e-12,7.9049696778002e-8,5.899104780259206e-9
RA,20230906,3,6.246871764176654e-12,8.9330753603539e-8,9.598566689825076e-9
RA,20230906,4,5.614452390435798e-12,8.028710721820362e-8,8.626829192410785e-9
RA,20230906,5,5.172047892122181e-12,7.396068837628285e-8,7.947057101475035e-9
RA,20230906,6,6.7726922330801486e-12,9.6850027332941e-8,1.0406510734168723e-8
RA,20230906,7,6.353724347765363e-12,9.08587538854083e-8,9.762749930377198e-9
RA,20230906,8,1.2920192864840742e-11,1.8475976599007623e-7,1.9852389730449562e-8
RA,20230906,9,1.3113587003464439e-11,1.8752531726084683e-7,2.0149547509107078e-8
RA,20230906,10,1.333565954761511e-11,1.9070097196811925e-7,2.0490770797414813e-8
RA,20230906,11,9.466357924563385e-12,1.353696568787399e-7,1.4545435103973491e-8
RA,20230906,12,6.362691321472187e-12,9.09869823090122e-8,9.776528041787246e-9
RA,20230906,13,7.786765873838115e-12,1.1135135951297366e-7,1.1964675178175373e-8
RA,20230906,15,7.946148194748135e-12,1.1363053913686495e-7,1.2209572447430593e-8
RA,20230906,16,1.3408629271296551e-11,1.9174444470980225e-7,2.0602891677358428e-8
RA,20230906,17,5.678836638508788e-12,8.120780698885394e-8,8.72575814793166e-9
RA,20230906,18,8.797845242320873e-12,1.258098733658604e-7,1.3518238803851504e-8
RA,20230906,19,9.827369773731486e-12,1.4053215448769222e-7,1.510014415529871e-8
RA,20230906,20,4.4412505203512775e-12,6.35102289437472e-8,6.8241579009634945e-9
RA,20230906,21,4.039406342523547e-12,5.776382584925741e-8,6.206708354149333e-9
RA,20230906,22,8.711792159112418e-12,1.2457930756218876e-7,1.3386014822117403e-8
RA,20230906,23,8.633454556216596e-12,1.2345907372894318e-7,1.326564598246429e-8
RA,20230906,24,4.979465179563742e-12,7.12067405615517e-8,7.651146111209489e-9
RA,20230906,25,NA,NA,NA
RA,20231005,3,7.8390229408443275e-12,1.1254067870192759e-7,1.2105821503214924e-8
RA,20231005,4,8.182313031891931e-12,1.174691117642733e-7,1.2635965195535419e-8
RA,20231005,5,6.934049654561435e-12,9.954845905747031e-8,1.0708269135835511e-8
RA,20231005,6,6.836060300553854e-12,9.814167807356488e-8,1.0556943946742046e-8
RA,20231005,7,2.0750889851429355e-12,2.9790947738918947e-8,3.204564784029332e-9
RA,20231005,8,4.283502195246596e-12,6.149596039099305e-8,6.615022481194491e-9
RA,20231005,9,9.752805875173699e-11,1.4001584135203181e-6,1.5061280974850925e-7
RA,20231005,10,1.4256225222843465e-11,2.046690352118727e-7,2.201592203004631e-8
RA,20231005,11,5.468366709026007e-12,7.850642936867466e-8,8.444811527297493e-9
RA,20231005,12,7.263646520401754e-12,1.0428030577607479e-7,1.1217266348369738e-8
RA,20231005,13,3.524088269939916e-12,5.0593458993222856e-8,5.442257776180317e-9
RA,20231005,14,1.184522408812615e-10,1.7005557558816901e-6,1.8292607326008333e-7
RA,20231005,15,4.165400082723457e-12,5.98004312415334e-8,6.4326371119786015e-9
RA,20231005,16,4.889975263128928e-11,7.020277132763352e-7,7.55160026157534e-8
RA,20231005,17,4.821244897239064e-12,6.921604605803711e-8,7.445459796418869e-9
RA,20231005,18,6.9222775007666995e-12,9.937945251318e-8,1.0690089371134873e-8
RA,20231005,19,4.2102098211134935e-12,6.044374079795732e-8,6.501836896014073e-9
RA,20231005,20,2.7401873563016195e-11,3.933941094136028e-7,4.231677757685051e-8
RA,20231005,21,4.292109317448046e-12,6.161952826182739e-8,6.6283144801863815e-9
RA,20231005,22,6.654539279673724e-12,9.553567742237705e-8,1.0276620608688492e-8
RA,20231005,23,4.9952584400665086e-12,7.171426584396088e-8,7.71418931851728e-9
RA,20231005,24,6.263638386518915e-12,8.992372142316542e-8,9.672951443067979e-9
RA,20231005,25,6.6001861304994386e-12,9.475535819843568e-8,1.0192682913007869e-8
RA,20231005,26,6.3473136884337755e-12,9.1125003182276e-8,9.802171407960671e-9
RA,20231005,27,6.230647798694447e-12,8.945009311864833e-8,9.622004000956508e-9
RA,20231005,28,5.964134098456477e-12,8.562389782180019e-8,9.210426268936924e-9
RA,20231005,29,8.393327423651746e-12,1.2049853303829349e-7,1.2961835215374787e-8
RA,20231005,30,4.56904804631163e-12,6.559539014415043e-8,7.0559916083500965e-9
RC,20231007,2,3.1164929732956993e-11,3.6906566465168095e-7,3.349433669189124e-8
RC,20231007,3,6.827016465205859e-12,8.084784374324027e-8,7.337298368584989e-9
RC,20231007,4,1.0443382673898519e-11,1.2367407854856415e-7,1.122396804610518e-8
RC,20231007,5,4.3887175860288046e-11,5.197268168852583e-7,4.716750069120921e-8
RC,20231007,6,4.0225364872705194e-11,4.7636240959984837e-7,4.323198948771483e-8
RC,20231007,7,4.565159964464373e-11,5.40621721583594e-7,4.906380544167023e-8
RC,20231007,8,3.390627155601367e-11,4.015295639972962e-7,3.6440578727275134e-8
RC,20231007,9,3.51519398730873e-11,4.162811905632997e-7,3.7779353894618716e-8
RC,20231007,10,5.0637574909748277e-11,5.996673312134048e-7,5.442245491394075e-8
RC,20231007,11,6.090258561755411e-11,7.212290684608531e-7,6.545471867128622e-8
RC,20231007,12,8.07700521921722e-11,9.565063438834417e-7,8.680716901746601e-8
RC,20231007,13,5.254368466678078e-11,6.22240129240101e-7,5.647103588366531e-8
RC,20231007,14,4.3156133426764275e-11,5.110695645208562e-7,4.638181685959714e-8
RC,20231007,15,4.010131647752274e-11,4.7489338644435665e-7,4.3098669157782046e-8
RC,20231007,16,1.1532781463802336e-10,1.3657510838921258e-6,1.2394793399264565e-7
RC,20231007,17,1.906691635075423e-11,2.2579688823772727e-7,2.049206339948624e-8
RC,20231007,18,1.7340730056124712e-11,2.0535480485749884e-7,1.863685418064093e-8
RC,20231007,19,1.4226292587342604e-11,1.6847258037371865e-7,1.5289629653613927e-8
RC,20231007,20,9.269431625245771e-12,1.0977175219159594e-7,9.9622706182495e-9
RC,20231007,21,8.886787810033528e-12,1.0524035439297273e-7,9.551026284005612e-9
RC,20231007,22,4.486389888191697e-12,5.312935020742462e-8,4.821722838260749e-9
RC,20231007,23,4.1873349928922835e-12,4.958784073999594e-8,4.5003152356013955e-9
RC,20231007,24,1.681272386110732e-11,1.991019764707815e-7,1.8069382428807856e-8
RS,20231011,3,1.5304848612975227e-12,8.781892126111758e-8,3.764894581165268e-8
RS,20231011,4,1.2602111692016884e-11,7.231066980086235e-7,3.100038636141113e-7
RS,20231011,5,6.683796784185139e-11,3.83514948993383e-6,1.6441711336533627e-6
RS,20231011,6,2.3560270367335848e-12,1.351883694246808e-7,5.795675375813333e-8
RS,20231011,7,2.8042027614003564e-12,1.60904604632841e-7,6.898158908892678e-8
RS,20231011,8,3.877314170609326e-12,2.2247952688972231e-7,9.53794413753736e-8
RS,20231011,9,3.665580626240215e-12,2.103302976281376e-7,9.017093200684338e-8
RS,20231011,10,4.663700737662706e-12,2.676022339214752e-7,1.1472404647320092e-7
RS,20231011,11,3.769066176492445e-12,2.1626827821133654e-7,9.271661015908062e-8
RS,20231011,12,5.175516001069239e-12,2.9697009338480364e-7,1.2731437363346638e-7
RS,20231011,13,5.710163957216463e-12,3.27648088280816e-7,1.4046637038842456e-7
RS,20231011,14,4.788262175313699e-12,2.7474954479129297e-7,1.1778817793567688e-7
RS,20231011,15,5.016511593067511e-12,2.8784645162944703e-7,1.2340296719485903e-7
RS,20231011,16,2.2369891031457043e-11,1.283579961350175e-6,5.502849695239014e-7
RS,20231011,17,5.03481242847831e-12,2.888965499770976e-7,1.2385315600633427e-7
RS,20231011,18,3.776901020948705e-12,2.1671784005006878e-7,9.290934230680395e-8
RS,20231011,19,3.776901020948705e-12,2.1671784005006878e-7,9.290934230680395e-8
RS,20231011,20,2.472286767665555e-12,1.418593299906656e-7,6.081666856070398e-8
RS,20231011,21,9.90150606194057e-13,5.6814647645900546e-8,2.4357069750021033e-8
RS,20231011,22,1.9117570843212566e-12,1.0969624666268099e-7,4.7027997919322066e-8
RS,20231011,23,1.7021552188917316e-12,9.766933272069405e-8,4.1871926485275197e-8
SR,20231011,4,2.862187554163401e-12,9.863903215739876e-8,2.5039351784535627e-8
SR,20231011,5,3.458092260591885e-12,1.1917558414353325e-7,3.0252520835116854e-8
SR,20231011,6,3.682875441565619e-12,1.2692224469492122e-7,3.2218997537686835e-8
SR,20231011,7,1.7878259350371299e-12,6.161350944365516e-8,1.564048535246869e-8
SR,20231011,8,4.242551725294313e-12,1.4621026335328803e-7,3.711522851086648e-8
SR,20231011,9,4.144875795950075e-12,1.4284407614393617e-7,3.6260727570781687e-8
SR,20231011,10,3.188480499871217e-11,1.0988400466717983e-6,2.7893869071673476e-7
SR,20231011,11,4.463907560016764e-12,1.5383880791447693e-7,3.905172166873554e-8
SR,20231011,12,3.3900940949720284e-12,1.168321761319013e-7,2.965765066765256e-8
SR,20231011,14,4.235996774857101e-12,1.4598436132739648e-7,3.705788366297607e-8
SR,20231011,15,5.961977454904151e-12,2.0546650936293029e-7,5.215732652029143e-8
SR,20231011,16,5.990027267803562e-12,2.0643318479709886e-7,5.2402715447252945e-8
SR,20231011,17,3.278872560637212e-11,1.1299916928163758e-6,2.8684648349836555e-7
SR,20231011,18,5.131780742432721e-12,1.7685559597281463e-7,4.489449445895466e-8
SR,20231011,19,1.0929802097594932e-11,3.7667171706146154e-7,9.561747945516025e-8
SR,20231011,20,7.822441318410304e-12,2.6958332609393654e-7,6.843327220141334e-8
SR,20231011,21,6.972927206622424e-12,2.4030668079900574e-7,6.10014452199696e-8
SR,20231011,22,9.130867942597542e-12,3.146753871194495e-7,7.987981576548565e-8
SR,20231011,23,8.156926649233487e-12,2.8111063123341043e-7,7.135945914994684e-8
SR,20231011,24,8.532602409357358e-12,2.940574744022695e-7,7.46459934306865e-8
SR,20231011,25,6.096953730631985e-12,2.1011817140465714e-7,5.3338143076355375e-8
SR,20231011,26,6.871719492553566e-12,2.368187783559614e-7,6.011604707329952e-8
SR,20231011,27,3.394381675954337e-11,1.169799382300823e-6,2.9695159826814654e-7
SR,20231011,28,1.219908734186864e-11,4.204148560618054e-7,1.0672160144047831e-7
SR,20231011,29,1.0496331875402715e-11,3.6173311420019906e-7,9.18253403391182e-8
SR,20231011,30,6.7005093614831225e-12,2.309183957623175e-7,5.861824491330026e-8
SR,20231011,31,2.0182821823984377e-12,6.955567981655005e-8,1.765659189315641e-8
