event_id,slug_label,solute,curve_limb,time_since_release_s,datetime,spc_uscm_grab,nacl_mgL,conc_corr_ugL,conc_corr_coprec_ugL,discharge_Ls_reach_mean,discharge_Ls_reach_sd,reach_length_m,reach_mean_width_m
RA_20230906_N,N,NH4-N,rising,2460,2023-09-06T20:26:00Z,466.4,0,44.62,NA,228,32.526911934581186,135,9.46
RA_20230906_N,N,NH4-N,rising,2700,2023-09-06T20:30:00Z,476.1,0,51.98,NA,228,32.526911934581186,135,9.46
RA_20230906_N,N,NH4-N,rising,3000,2023-09-06T20:35:00Z,478,0,30.02,NA,228,32.526911934581186,135,9.46
RA_20230906_N,N,NH4-N,rising,3060,2023-09-06T20:36:00Z,481,0,21.43,NA,228,32.526911934581186,135,9.46
RA_20230906_N,N,NH4-N,rising,3120,2023-09-06T20:37:00Z,483,0,30.42,NA,228,32.526911934581186,135,9.46
RA_20230906_N,N,NH4-N,rising,3180,2023-09-06T20:38:00Z,485,0.3424205130302873,48.39,NA,228,32.526911934581186,135,9.46
RA_20230906_N,N,NH4-N,rising,3240,2023-09-06T20:39:00Z,487,1.965613719287662,54.97,NA,228,32.526911934581186,135,9.46
RA_20230906_N,N,NH4-N,rising,3300,2023-09-06T20:40:00Z,488,3.0362916600006558,61.99,NA,228,32.526911934581186,135,9.46
RA_20230906_N,N,NH4-N,rising,3360,2023-09-06T20:41:00Z,488.9,4.0201601751458345,45.56,NA,228,32.526911934581186,135,9.46
RA_20230906_N,N,NH4-N,rising,3420,2023-09-06T20:42:00Z,489,4.803411148702052,73.88,NA,228,32.526911934581186,135,9.46
RA_20230906_N,N,NH4-N,rising,3480,2023-09-06T20:43:00Z,489,5.328662285996536,69.79,NA,228,32.526911934581186,135,9.46
RA_20230906_N,N,NH4-N,rising,3540,2023-09-06T20:44:00Z,490,5.873777139163296,55.14,NA,228,32.526911934581186,135,9.46
RA_20230906_N,N,NH4-N,peak,3600,2023-09-06T20:45:00Z,490,6.166650912792516,63.22,NA,228,32.526911934581186,135,9.46
RA_20230906_N,N,NH4-N,peak,3660,2023-09-06T20:46:00Z,490,6.227379498320036,98.5,NA,228,32.526911934581186,135,9.46
RA_20230906_N,N,NH4-N,peak,3720,2023-09-06T20:47:00Z,490,6.162945759552294,65.7,NA,228,32.526911934581186,135,9.46
RA_20230906_N,N,NH4-N,peak,3840,2023-09-06T20:49:00Z,489,5.791930504598431,60.38,NA,228,32.526911934581186,135,9.46
RA_20230906_N,N,NH4-N,peak,3900,2023-09-06T20:50:00Z,489,5.5755313486994265,58.82,NA,228,32.526911934581186,135,9.46
RA_20230906_N,N,NH4-N,falling,3960,2023-09-06T20:51:00Z,487,5.292779618895037,59.64,NA,228,32.526911934581186,135,9.46
RA_20230906_N,N,NH4-N,falling,4140,2023-09-06T20:54:00Z,487,4.594388610773888,62.23,NA,228,32.526911934581186,135,9.46
RA_20230906_N,N,NH4-N,falling,4200,2023-09-06T20:55:00Z,487,4.441900572592673,43.93,NA,228,32.526911934581186,135,9.46
RA_20230906_N,N,NH4-N,falling,4380,2023-09-06T20:58:00Z,484,4.088365774609989,53.92,NA,228,32.526911934581186,135,9.46
RA_20230906_N,N,NH4-N,falling,4740,2023-09-06T21:04:00Z,483,3.593783957074753,42.91,NA,228,32.526911934581186,135,9.46
RA_20230906_N,N,NH4-N,falling,5220,2023-09-06T21:12:00Z,481.6,2.0664670849494686,39.43,NA,228,32.526911934581186,135,9.46
RA_20230906_N,N,NH4-N,falling,5400,2023-09-06T21:15:00Z,480,1.6951187051620835,30.78,NA,228,32.526911934581186,135,9.46
RA_20230906_N,N,NH4-N,falling,5580,2023-09-06T21:18:00Z,479.2,1.2800418037758752,37.78,NA,228,32.526911934581186,135,9.46
RA_20230906_N,N,NH4-N,falling,5700,2023-09-06T21:20:00Z,478,1.1810566486189586,37.53,NA,228,32.526911934581186,135,9.46
RA_20230906_N,N,NH4-N,falling,5820,2023-09-06T21:22:00Z,478.3,1.390936824520697,32.49,NA,228,32.526911934581186,135,9.46
RA_20230906_N,N,NH4-N,falling,5880,2023-09-06T21:23:00Z,476.9,1.2172310127456232,27.15,NA,228,32.526911934581186,135,9.46
RA_20230906_N,N,NH4-N,falling,6180,2023-09-06T21:28:00Z,475.6,0.3171662281346255,27.15,NA,228,32.526911934581186,135,9.46
RA_20230906_P,P,SRP,rising,720,2023-09-06T17:42:00Z,466.1,0,3.2661,3.2988427179228625,228,32.526911934581186,135,9.46
RA_20230906_P,P,SRP,rising,3000,2023-09-06T18:20:00Z,467.8,0,2.4054,2.4348753925251,228,32.526911934581186,135,9.46
RA_20230906_P,P,SRP,rising,3120,2023-09-06T18:22:00Z,468,0,1.8033,1.8304834843833762,228,32.526911934581186,135,9.46
RA_20230906_P,P,SRP,rising,3240,2023-09-06T18:24:00Z,473.1,0.7929264824702069,3.9817,4.017151309058255,228,32.526911934581186,135,9.46
RA_20230906_P,P,SRP,rising,3360,2023-09-06T18:26:00Z,479,0.9964800397708383,3.4115,3.44479372099837,228,32.526911934581186,135,9.46
RA_20230906_P,P,SRP,rising,3480,2023-09-06T18:28:00Z,483,2.7285419694037336,12.3479,12.414488933131024,228,32.526911934581186,135,9.46
RA_20230906_P,P,SRP,rising,3600,2023-09-06T18:30:00Z,484,7.55535973626171,12.6111,12.678652944245172,228,32.526911934581186,135,9.46
RA_20230906_P,P,SRP,peak,3840,2023-09-06T18:34:00Z,488,8.881617523535239,12.9133,12.981958757992437,228,32.526911934581186,135,9.46
RA_20230906_P,P,SRP,falling,4020,2023-09-06T18:37:00Z,487,8.09485761449926,7.6476,7.696813996040378,228,32.526911934581186,135,9.46
RA_20230906_P,P,SRP,falling,4140,2023-09-06T18:39:00Z,486,7.508460297054478,3.4237,3.457039947050771,228,32.526911934581186,135,9.46
RA_20230906_P,P,SRP,falling,4260,2023-09-06T18:41:00Z,484,7.125300409104178,5.3618,5.402454569612025,228,32.526911934581186,135,9.46
RA_20230906_P,P,SRP,falling,4560,2023-09-06T18:46:00Z,483,5.945491704159589,5.5787,5.620169934450788,228,32.526911934581186,135,9.46
RA_20230906_P,P,SRP,falling,4740,2023-09-06T18:49:00Z,482,5.462772596277354,13.0126,13.08162184374786,228,32.526911934581186,135,9.46
RA_20230906_P,P,SRP,falling,4860,2023-09-06T18:51:00Z,482,5.071622017608498,2.493,2.522808508597291,228,32.526911934581186,135,9.46
RA_20230906_P,P,SRP,falling,5040,2023-09-06T18:54:00Z,481,4.169558094646749,6.7378,6.78361588173664,228,32.526911934581186,135,9.46
RA_20230906_P,P,SRP,falling,5220,2023-09-06T18:57:00Z,480,3.173155026508954,8.1389,8.18994428598701,228,32.526911934581186,135,9.46
RA_20230906_P,P,SRP,falling,5400,2023-09-06T19:00:00Z,478,2.3771424718532614,0.8087,0.8320861720098705,228,32.526911934581186,135,9.46
RA_20230906_P,P,SRP,falling,5580,2023-09-06T19:03:00Z,477,1.495181057492186,0.2618,0.28309208338778413,228,32.526911934581186,135,9.46
RA_20230906_P,P,SRP,falling,5760,2023-09-06T19:06:00Z,475.7,1.3601023105542647,6.6207,6.666077630282389,228,32.526911934581186,135,9.46
RA_20230906_P,P,SRP,falling,5940,2023-09-06T19:09:00Z,474.6,0.9627418668463631,6.5141,6.559078506231629,228,32.526911934581186,135,9.46
RA_20230906_P,P,SRP,falling,6300,2023-09-06T19:15:00Z,472.6,1.5222781653219066,1.5412,1.5673841771974166,228,32.526911934581186,135,9.46
RA_20230906_P,P,SRP,falling,6780,2023-09-06T19:23:00Z,471.2,1.0057125802378901,NA,NA,228,32.526911934581186,135,9.46
