stream,date,n_ugl,p_ugL,nacl_mass_g,amonium_added_g,phophate_added_g,time_phase,time_hms,time_since_release_s,spc_uScm,backg_spc_uScm,backg_spc_corr_uScm,nacl_conc_mgL,reach_length_m,reach_mean_width_m,water_velocity_ms
RC,2023-10-07,2.24,1.345826998,4752,102,196,release,11:30:00,0,350.7,350.7,0,0,150,7.866,0.189873417721519
RC,2023-10-07,54.7212,8.07078787,4752,102,196,rising,11:40:10,610,367,350.7,16.3,7.51593,150,7.866,0.189873417721519
RC,2023-10-07,16.872,1.768130357,4752,102,196,rising,11:40:20,620,369,350.7,18.3,8.43813,150,7.866,0.189873417721519
RC,2023-10-07,30.8479,2.704698115,4752,102,196,rising,11:40:30,630,379.3,350.7,28.6,13.18746,150,7.866,0.189873417721519
RC,2023-10-07,66.2868,11.36508017,4752,102,196,rising,11:40:40,640,384.5,350.7,33.8,15.58518,150,7.866,0.189873417721519
RC,2023-10-07,85.2917,10.41683793,4752,102,196,rising,11:40:50,650,388.6,350.7,37.9,17.47569,150,7.866,0.189873417721519
RC,2023-10-07,67.6414,11.82188523,4752,102,196,rising,11:41:20,680,395,350.7,44.3,20.42673,150,7.866,0.189873417721519
RC,2023-10-07,73.1968,8.780648836,4752,102,196,rising,11:42:00,720,396,350.7,45.3,20.88783,150,7.866,0.189873417721519
RC,2023-10-07,76.2436,9.103197294,4752,102,196,rising,11:42:30,750,397.1,350.7,46.4,21.39504,150,7.866,0.189873417721519
RC,2023-10-07,98.2628,13.11282909,4752,102,196,rising,11:43:10,790,397.5,350.7,46.8,21.57948,150,7.866,0.189873417721519
RC,2023-10-07,75.4064,15.77056838,4752,102,196,falling,11:43:50,830,395,350.7,44.3,20.42673,150,7.866,0.189873417721519
RC,2023-10-07,86.987,20.91386458,4752,102,196,falling,11:44:20,860,391,350.7,40.3,18.58233,150,7.866,0.189873417721519
RC,2023-10-07,72.0723,13.60635334,4752,102,196,falling,11:44:50,890,384.1,350.7,33.4,15.40074,150,7.866,0.189873417721519
RC,2023-10-07,61.092,11.17574478,4752,102,196,falling,11:45:10,910,377.2,350.7,26.5,12.21915,150,7.866,0.189873417721519
RC,2023-10-07,51.0267,10.38474939,4752,102,196,falling,11:47:50,1070,368.4,350.7,17.7,8.16147,150,7.866,0.189873417721519
RC,2023-10-07,35.9564,29.8588041,4752,102,196,falling,11:49:20,1160,365.2,350.7,14.5,6.68595,150,7.866,0.189873417721519
RC,2023-10-07,22.4005,4.937949152,4752,102,196,falling,11:50:20,1220,361.5,350.7,10.8,4.97988,150,7.866,0.189873417721519
RC,2023-10-07,13.0267,4.490927188,4752,102,196,falling,11:51:20,1280,360.2,350.7,9.5,4.38045,150,7.866,0.189873417721519
RC,2023-10-07,19.9935,3.684376687,4752,102,196,falling,11:52:40,1360,358.7,350.7,8,3.6888,150,7.866,0.189873417721519
RC,2023-10-07,16.0514,2.400672307,4752,102,196,falling,11:53:20,1400,357.5,350.7,6.8,3.13548,150,7.866,0.189873417721519
RC,2023-10-07,15.3121,2.301569611,4752,102,196,falling,11:54:20,1460,355.1,350.7,4.4,2.02884,150,7.866,0.189873417721519
RC,2023-10-07,3.202,1.161937528,4752,102,196,falling,11:56:00,1560,353.4,350.7,2.7,1.24497,150,7.866,0.189873417721519
RC,2023-10-07,2.4373,1.08448807,4752,102,196,falling,11:58:44,1724,352.6,350.7,1.9,0.87609,150,7.866,0.189873417721519
RC,2023-10-07,2.2522,-0.208021091,4752,102,196,falling,12:02:00,1920,351.9,350.7,1.2,0.55332,150,7.866,0.189873417721519
CB,2023-10-08,6.127,1.84509066,8275,182,349,release,10:40:00,0,368.3,368.3,0,0,162,7.65,0.081
CB,2023-10-08,6.3802,152.154498,8275,182,349,release,10:41:00,60,368.3,368.3,0,0,162,7.65,0.081
CB,2023-10-08,17.8477,3.4833342,8275,182,349,rising,11:04:40,1480,369.4,368.3,1.1,0.50721,162,7.65,0.081
CB,2023-10-08,15.6978,4.55686521,8275,182,349,rising,11:05:20,1520,370.3,368.3,2,0.9222,162,7.65,0.081
CB,2023-10-08,15.0066,3.833862293,8275,182,349,rising,11:06:00,1560,370.5,368.3,2.2,1.01442,162,7.65,0.081
CB,2023-10-08,19.3328,3.2933792140000002,8275,182,349,rising,11:06:30,1590,373.1,368.3,4.8,2.21328,162,7.65,0.081
CB,2023-10-08,15.1167,3.490867179,8275,182,349,rising,11:06:50,1610,372.1,368.3,3.8,1.75218,162,7.65,0.081
CB,2023-10-08,25.5583,1.264366474,8275,182,349,rising,11:07:00,1620,376.6,368.3,8.3,3.82713,162,7.65,0.081
CB,2023-10-08,25.052,3.835786301,8275,182,349,rising,11:07:20,1640,378.5,368.3,10.2,4.70322,162,7.65,0.081
CB,2023-10-08,43.8746,7.541457513,8275,182,349,rising,11:08:10,1690,390,368.3,21.7,10.00587,162,7.65,0.081
CB,2023-10-08,38.6186,5.193613889,8275,182,349,rising,11:08:40,1720,394.2,368.3,25.9,11.94249,162,7.65,0.081
CB,2023-10-08,52.2292,8.409054491,8275,182,349,rising,11:09:10,1750,398.3,368.3,30,13.833,162,7.65,0.081
CB,2023-10-08,51.4184,6.221425261,8275,182,349,rising,11:09:40,1780,393.5,368.3,25.2,11.61972,162,7.65,0.081
CB,2023-10-08,66.7988,13.170158,8275,182,349,rising,11:10:10,1810,405.5,368.3,37.2,17.15292,162,7.65,0.081
CB,2023-10-08,70.0978,16.39851228,8275,182,349,rising,11:10:40,1840,395,368.3,26.7,12.31137,162,7.65,0.081
CB,2023-10-08,78.0821,18.45909179,8275,182,349,rising,11:11:20,1880,414,368.3,45.7,21.07227,162,7.65,0.081
CB,2023-10-08,72.2051,17.27745764,8275,182,349,rising,11:12:20,1940,415.7,368.3,47.4,21.85614,162,7.65,0.081
CB,2023-10-08,81.8491,14.97572498,8275,182,349,rising,11:13:20,2000,417.5,368.3,49.2,22.68612,162,7.65,0.081
CB,2023-10-08,83.4849,15.0518048,8275,182,349,falling,11:14:20,2060,416,368.3,47.7,21.99447,162,7.65,0.081
CB,2023-10-08,72.0298,16.79511872,8275,182,349,falling,11:15:20,2120,412.1,368.3,43.8,20.19618,162,7.65,0.081
CB,2023-10-08,64.2463,11.26897762,8275,182,349,falling,11:16:20,2180,411.5,368.3,43.2,19.91952,162,7.65,0.081
CB,2023-10-08,63.2284,11.9342277,8275,182,349,falling,11:17:20,2240,408.4,368.3,40.1,18.49011,162,7.65,0.081
CB,2023-10-08,45.8046,12.71178765,8275,182,349,falling,11:20:20,2420,400.5,368.3,32.2,14.84742,162,7.65,0.081
CB,2023-10-08,29.8667,12.36879253,8275,182,349,falling,11:23:20,2600,390.5,368.3,22.2,10.23642,162,7.65,0.081
CB,2023-10-08,24.1257,7.411342424,8275,182,349,falling,11:26:20,2780,385.3,368.3,17,7.8387,162,7.65,0.081
CB,2023-10-08,18.7554,7.331773297,8275,182,349,falling,11:30:20,3020,379.5,368.3,11.2,5.16432,162,7.65,0.081
CB,2023-10-08,19.3137,5.313587175,8275,182,349,falling,11:35:20,3320,376,368.3,7.7,3.55047,162,7.65,0.081
CB,2023-10-08,9.048,3.449549932,8275,182,349,falling,11:40:20,3620,372.6,368.3,4.3,1.98273,162,7.65,0.081
CB,2023-10-08,13.0077,1.311520965,8275,182,349,falling,11:45:20,3920,370.9,368.3,2.6,1.19886,162,7.65,0.081
CB,2023-10-08,3.5851,3.170960156,8275,182,349,falling,11:50:20,4220,369.8,368.3,1.5,0.69165,162,7.65,0.081
CB,2023-10-08,10.4137,3.619188702,8275,182,349,falling,12:00:10,4810,369.2,368.3,0.9,0.41499,162,7.65,0.081
CD,2023-10-09,4.46,2.266774424,1755,46,89,release,11:24:00,0,416.6,416.6,0,0,165,5.49,0.0390977443609023
CD,2023-10-09,1.73,4.71228589,1755,46,89,release,11:25:00,60,416.6,416.6,0,0,165,5.49,0.0390977443609023
CD,2023-10-09,6.38,3.276552301,1755,46,89,rising,11:37:20,800,417.2,416.6,0.6,0.27666,165,5.49,0.0390977443609023
CD,2023-10-09,8.79,3.975097494,1755,46,89,rising,11:38:00,840,417.4,416.6,0.8,0.36888,165,5.49,0.0390977443609023
CD,2023-10-09,19.17,4.573724734,1755,46,89,rising,11:38:40,880,418.1,416.6,1.5,0.69165,165,5.49,0.0390977443609023
CD,2023-10-09,25.77,3.722726398,1755,46,89,rising,11:39:20,920,418.6,416.6,2,0.9222,165,5.49,0.0390977443609023
CD,2023-10-09,22,5.922323607,1755,46,89,rising,11:40:00,960,421.5,416.6,4.9,2.25939,165,5.49,0.0390977443609023
CD,2023-10-09,55.07,6.590997768,1755,46,89,rising,11:40:40,1000,433.3,416.6,16.7,7.70037,165,5.49,0.0390977443609023
CD,2023-10-09,54.61,5.950661956,1755,46,89,rising,11:41:10,1030,440.7,416.6,24.1,11.11251,165,5.49,0.0390977443609023
CD,2023-10-09,56.75,9.64553916,1755,46,89,rising,11:41:40,1060,444,416.6,27.4,12.63414,165,5.49,0.0390977443609023
CD,2023-10-09,72.99,5.038225819,1755,46,89,rising,11:42:10,1090,451.6,416.6,35,16.1385,165,5.49,0.0390977443609023
CD,2023-10-09,12.95,7.379677825,1755,46,89,rising,11:42:40,1120,456,416.6,39.4,18.16734,165,5.49,0.0390977443609023
CD,2023-10-09,70.18,6.547397799,1755,46,89,rising,11:43:10,1150,462.3,416.6,45.7,21.07227,165,5.49,0.0390977443609023
CD,2023-10-09,86.85,5.514955765,1755,46,89,rising,11:43:40,1180,463.8,416.6,47.2,21.76392,165,5.49,0.0390977443609023
CD,2023-10-09,117.27,13.29518588,1755,46,89,rising,11:44:10,1210,472.7,416.6,56.1,25.86771,165,5.49,0.0390977443609023
CD,2023-10-09,94.96,13.01718309,1755,46,89,rising,11:45:10,1270,476.2,416.6,59.6,27.48156,165,5.49,0.0390977443609023
CD,2023-10-09,106.52,10.10433344,1755,46,89,rising,11:46:10,1330,479.6,416.6,63,29.0493,165,5.49,0.0390977443609023
CD,2023-10-09,99.51,7.956880099,1755,46,89,rising,11:47:10,1390,479.6,416.6,63,29.0493,165,5.49,0.0390977443609023
CD,2023-10-09,92.27,NA,1755,46,89,falling,11:48:10,1450,477.5,416.6,60.9,28.08099,165,5.49,0.0390977443609023
CD,2023-10-09,93.05,7.514488796,1755,46,89,falling,11:49:10,1510,476.2,416.6,59.6,27.48156,165,5.49,0.0390977443609023
CD,2023-10-09,78.3,6.033198621,1755,46,89,falling,11:50:10,1570,474.9,416.6,58.3,26.88213,165,5.49,0.0390977443609023
CD,2023-10-09,98.89,12.34153033,1755,46,89,falling,11:51:00,1620,473.6,416.6,57,26.2827,165,5.49,0.0390977443609023
CD,2023-10-09,37.68,9.453171012,1755,46,89,falling,11:52:10,1690,472.6,416.6,56,25.8216,165,5.49,0.0390977443609023
CD,2023-10-09,49.25,11.59899384,1755,46,89,falling,11:54:10,1810,468,416.6,51.4,23.70054,165,5.49,0.0390977443609023
CD,2023-10-09,59.55,11.68850911,1755,46,89,falling,11:59:10,2110,454.9,416.6,38.3,17.66013,165,5.49,0.0390977443609023
CD,2023-10-09,45.01,5.243768527,1755,46,89,falling,12:04:10,2410,447.1,416.6,30.5,14.06355,165,5.49,0.0390977443609023
CD,2023-10-09,44.55,7.317000832,1755,46,89,falling,12:09:10,2710,439.1,416.6,22.5,10.37475,165,5.49,0.0390977443609023
CD,2023-10-09,61.22,5.453191861,1755,46,89,falling,12:14:10,3010,435,416.6,18.4,8.48424,165,5.49,0.0390977443609023
CD,2023-10-09,23.55,3.163688059,1755,46,89,falling,12:19:10,3310,430.2,416.6,13.6,6.27096,165,5.49,0.0390977443609023
CD,2023-10-09,18.98,6.708231789,1755,46,89,falling,12:24:10,3610,426.1,416.6,9.5,4.38045,165,5.49,0.0390977443609023
CD,2023-10-09,20.67,3.780577066,1755,46,89,falling,12:29:15,3915,423.3,416.6,6.7,3.08937,165,5.49,0.0390977443609023
CD,2023-10-09,7.44,2.378888628,1755,46,89,falling,13:01:00,5820,417.5,416.6,0.9,0.41499,165,5.49,0.0390977443609023
RA,2023-10-05,1.21,9.5690128,5947,154,295,release,12:15:00,0,460.7,460.7,0,0,137,9.46,0.0262452107279693
RA,2023-10-05,1.81,6.759936,5947,154,295,release,12:17:00,120,460.9,460.7,0.2,0.09222,137,9.46,0.0262452107279693
RA,2023-10-05,8.51,3.3014998,5947,154,295,rising,13:07:00,3120,465,460.7,4.3,1.98273,137,9.46,0.0262452107279693
RA,2023-10-05,6.35,3.4460808,5947,154,295,rising,13:11:00,3360,467.3,460.7,6.6,3.04326,137,9.46,0.0262452107279693
RA,2023-10-05,15.28,2.9203732,5947,154,295,rising,13:13:00,3480,468.1,460.7,7.4,3.41214,137,9.46,0.0262452107279693
RA,2023-10-05,9.27,2.8791016,5947,154,295,rising,13:20:00,3900,470,460.7,9.3,4.28823,137,9.46,0.0262452107279693
RA,2023-10-05,17.05,0.8739734,5947,154,295,rising,13:24:00,4140,471,460.7,10.3,4.74933,137,9.46,0.0262452107279693
RA,2023-10-05,6.35,1.804084,5947,154,295,rising,13:26:00,4260,472,460.7,11.3,5.21043,137,9.46,0.0262452107279693
RA,2023-10-05,28.91,41.0576136,5947,154,295,rising,13:29:00,4440,473,460.7,12.3,5.67153,137,9.46,0.0262452107279693
RA,2023-10-05,27.78,6.0040072,5947,154,295,rising,13:31:00,4560,475,460.7,14.3,6.59373,137,9.46,0.0262452107279693
RA,2023-10-05,23.28,2.3030922,5947,154,295,rising,13:32:00,4620,475,460.7,14.3,6.59373,137,9.46,0.0262452107279693
RA,2023-10-05,33.2,3.059184,5947,154,295,rising,13:35:00,4800,476,460.7,15.3,7.05483,137,9.46,0.0262452107279693
RA,2023-10-05,20.42,1.4842454,5947,154,295,rising,13:42:00,5220,477,460.7,16.3,7.51593,137,9.46,0.0262452107279693
RA,2023-10-05,17.35,49.8614392,5947,154,295,falling,14:02:00,6420,474,460.7,13.3,6.13263,137,9.46,0.0262452107279693
RA,2023-10-05,30.2,1.7543364,5947,154,295,falling,14:04:00,6540,473,460.7,12.3,5.67153,137,9.46,0.0262452107279693
RA,2023-10-05,21.69,20.5907468,5947,154,295,falling,14:06:00,6660,472,460.7,11.3,5.21043,137,9.46,0.0262452107279693
RA,2023-10-05,23.61,2.0305562,5947,154,295,falling,14:08:00,6780,471,460.7,10.3,4.74933,137,9.46,0.0262452107279693
RA,2023-10-05,20.16,2.915418,5947,154,295,falling,14:10:00,6900,470.1,460.7,9.4,4.33434,137,9.46,0.0262452107279693
RA,2023-10-05,24.56,1.7732118,5947,154,295,falling,14:12:00,7020,469.7,460.7,9,4.1499,137,9.46,0.0262452107279693
RA,2023-10-05,17.74,11.5395198,5947,154,295,falling,14:16:00,7260,468.6,460.7,7.9,3.64269,137,9.46,0.0262452107279693
RA,2023-10-05,13.94,1.8077026,5947,154,295,falling,14:19:00,7440,468.4,460.7,7.7,3.55047,137,9.46,0.0262452107279693
RA,2023-10-05,12.23,2.8026546,5947,154,295,falling,14:21:00,7560,468.1,460.7,7.4,3.41214,137,9.46,0.0262452107279693
RA,2023-10-05,16.83,2.103841,5947,154,295,falling,14:23:00,7680,467.5,460.7,6.8,3.13548,137,9.46,0.0262452107279693
RA,2023-10-05,17.47,2.6380246,5947,154,295,falling,14:25:00,7800,467.1,460.7,6.4,2.95104,137,9.46,0.0262452107279693
RA,2023-10-05,13.45,2.7797694,5947,154,295,falling,14:28:00,7980,466.7,460.7,6,2.7666,137,9.46,0.0262452107279693
RA,2023-10-05,13.71,2.6732652,5947,154,295,falling,14:30:00,8100,466.5,460.7,5.8,2.67438,137,9.46,0.0262452107279693
RA,2023-10-05,15.62,2.624137,5947,154,295,falling,14:35:00,8400,465.6,460.7,4.9,2.25939,137,9.46,0.0262452107279693
RA,2023-10-05,3.28,2.5118952,5947,154,295,falling,14:40:00,8700,464.2,460.7,3.5,1.61385,137,9.46,0.0262452107279693
RA,2023-10-05,10.21,3.5349484,5947,154,295,falling,14:45:00,9000,463.3,460.7,2.6,1.19886,137,9.46,0.0262452107279693
RA,2023-10-05,5.12,1.9243454,5947,154,295,falling,15:05:00,10200,461.9,460.7,1.2,0.55332,137,9.46,0.0262452107279693
CC,2023-10-06,2.07,2.1855692,4500,103,199,release,13:06:00,0,337.1,337.1,0,0,184,3.106,0.139393939393939
CC,2023-10-06,4.5,2.599361,4500,103,199,rising,13:23:00,1020,339.9,337.1,2.8,1.29108,184,3.106,0.139393939393939
CC,2023-10-06,47.57,11.0702428,4500,103,199,rising,13:24:00,1080,350,337.1,12.9,5.94819,184,3.106,0.139393939393939
CC,2023-10-06,181.19,10.9603156,4500,103,199,rising,13:25:00,1140,387.1,337.1,50,23.055,184,3.106,0.139393939393939
CC,2023-10-06,256.96,22.6486218,4500,103,199,rising,13:26:00,1200,408.2,337.1,71.1,32.78421,184,3.106,0.139393939393939
CC,2023-10-06,214.81,25.4700214,4500,103,199,rising,13:26:40,1240,427.5,337.1,90.4,41.68344,184,3.106,0.139393939393939
CC,2023-10-06,175.85,23.524486,4500,103,199,rising,13:27:00,1260,429.4,337.1,92.3,42.55953,184,3.106,0.139393939393939
CC,2023-10-06,195.54,32.6881504,4500,103,199,rising,13:28:00,1320,427.3,337.1,90.2,41.59122,184,3.106,0.139393939393939
CC,2023-10-06,148.05,24.2205286,4500,103,199,falling,13:29:00,1380,412.3,337.1,75.2,34.67472,184,3.106,0.139393939393939
CC,2023-10-06,120.35,13.549864,4500,103,199,falling,13:31:00,1500,400.7,337.1,63.6,29.32596,184,3.106,0.139393939393939
CC,2023-10-06,68.07,8.2648498,4500,103,199,falling,13:33:00,1620,376,337.1,38.9,17.93679,184,3.106,0.139393939393939
CC,2023-10-06,61.93,8.7930676,4500,103,199,falling,13:34:00,1680,367.5,337.1,30.4,14.01744,184,3.106,0.139393939393939
CC,2023-10-06,32.31,4.3038846,4500,103,199,falling,13:35:00,1740,361.7,337.1,24.6,11.34306,184,3.106,0.139393939393939
CC,2023-10-06,34.51,4.5337798,4500,103,199,falling,13:36:00,1800,358.5,337.1,21.4,9.86754,184,3.106,0.139393939393939
CC,2023-10-06,21.85,4.9857788,4500,103,199,falling,13:37:00,1860,353.4,337.1,16.3,7.51593,184,3.106,0.139393939393939
CC,2023-10-06,14.96,4.8599754,4500,103,199,falling,13:38:00,1920,348.4,337.1,11.3,5.21043,184,3.106,0.139393939393939
CC,2023-10-06,11.47,3.1754356,4500,103,199,falling,13:39:00,1980,346.2,337.1,9.1,4.19601,184,3.106,0.139393939393939
CC,2023-10-06,4.1,4.720317,4500,103,199,falling,13:40:00,2040,344.5,337.1,7.4,3.41214,184,3.106,0.139393939393939
CC,2023-10-06,3.86,3.1681984,4500,103,199,falling,13:42:00,2160,341.7,337.1,4.6,2.12106,184,3.106,0.139393939393939
CC,2023-10-06,0.79,2.7220022,4500,103,199,falling,13:45:15,2355,339.3,337.1,2.2,1.01442,184,3.106,0.139393939393939
CC,2023-10-06,0.37,3.7703856,4500,103,199,falling,13:50:00,2640,337.3,337.1,0.2,0.09222,184,3.106,0.139393939393939
RA,2023-09-06,NA,1.7069034,5957,0,291,release,13:33:00,180,465.6,465.5,0.1,0.04611,135,9.46,0.0341222426470588
RA,2023-09-06,NA,23.373874,5957,0,291,release,13:36:00,360,465.6,465.5,0.1,0.04611,135,9.46,0.0341222426470588
RA,2023-09-06,NA,2.771652,5957,0,291,rising,14:20:00,3000,467.8,465.5,2.3,1.06053,135,9.46,0.0341222426470588
RA,2023-09-06,NA,2.4910638,5957,0,291,rising,14:22:00,3120,468,465.5,2.5,1.15275,135,9.46,0.0341222426470588
RA,2023-09-06,NA,2.2947792,5957,0,291,rising,14:24:00,3240,473.1,465.5,7.6,3.50436,135,9.46,0.0341222426470588
RA,2023-09-06,NA,3.0049376,5957,0,291,rising,14:26:00,3360,479,465.5,13.5,6.22485,135,9.46,0.0341222426470588
RA,2023-09-06,NA,2.8190524,5957,0,291,rising,14:28:00,3480,483,465.5,17.5,8.06925,135,9.46,0.0341222426470588
RA,2023-09-06,NA,5.7323188,5957,0,291,rising,14:31:00,3660,484,465.5,18.5,8.53035,135,9.46,0.0341222426470588
RA,2023-09-06,NA,5.818122,5957,0,291,rising,14:34:00,3840,488,465.5,22.5,10.37475,135,9.46,0.0341222426470588
RA,2023-09-06,NA,5.9166392,5957,0,291,rising,14:37:00,4020,487,465.5,21.5,9.91365,135,9.46,0.0341222426470588
RA,2023-09-06,NA,4.200021,5957,0,291,falling,14:39:00,4140,486,465.5,20.5,9.45255,135,9.46,0.0341222426470588
RA,2023-09-06,NA,2.8230296,5957,0,291,falling,14:41:00,4260,484,465.5,18.5,8.53035,135,9.46,0.0341222426470588
RA,2023-09-06,NA,3.4548502,5957,0,291,falling,14:43:00,4380,484,465.5,18.5,8.53035,135,9.46,0.0341222426470588
RA,2023-09-06,NA,0,5957,0,291,falling,14:46:00,4560,483,465.5,17.5,8.06925,135,9.46,0.0341222426470588
RA,2023-09-06,NA,3.5255596,5957,0,291,falling,14:49:00,4740,482,465.5,16.5,7.60815,135,9.46,0.0341222426470588
RA,2023-09-06,NA,5.949011,5957,0,291,falling,14:51:00,4860,482,465.5,16.5,7.60815,135,9.46,0.0341222426470588
RA,2023-09-06,NA,2.5196214,5957,0,291,falling,14:54:00,5040,481,465.5,15.5,7.14705,135,9.46,0.0341222426470588
RA,2023-09-06,NA,3.9034262,5957,0,291,falling,14:57:00,5220,480,465.5,14.5,6.68595,135,9.46,0.0341222426470588
RA,2023-09-06,NA,4.3601848,5957,0,291,falling,15:00:00,5400,478,465.5,12.5,5.76375,135,9.46,0.0341222426470588
RA,2023-09-06,NA,1.9705396,5957,0,291,falling,15:03:00,5580,477,465.5,11.5,5.30265,135,9.46,0.0341222426470588
RA,2023-09-06,NA,1.7922502,5957,0,291,falling,15:06:00,5760,475.7,465.5,10.2,4.70322,135,9.46,0.0341222426470588
RA,2023-09-06,NA,3.8652516,5957,0,291,falling,15:09:00,5940,474.6,465.5,9.1,4.19601,135,9.46,0.0341222426470588
RA,2023-09-06,NA,3.8305,5957,0,291,falling,15:15:00,6300,472.6,465.5,7.1,3.27381,135,9.46,0.0341222426470588
RA,2023-09-06,NA,2.2093346,5957,0,291,falling,15:23:00,6780,471.2,465.5,5.7,2.62827,135,9.46,0.0341222426470588
SR,2023-10-11,7.6937,2.5081462,638,2.07,4.02,release,14:06:10,0,451,451,0,0,72,2,0.0705882352941176
SR,2023-10-11,5.3686,1.7501636,638,2.07,4.02,release,14:07:35,85,451,451,0,0,72,2,0.0705882352941176
SR,2023-10-11,6.4488,2.1023088,638,2.07,4.02,release,14:15:30,560,451,451,0,0,72,2,0.0705882352941176
SR,2023-10-11,6.1538,2.0061388,638,2.07,4.02,rising,14:16:00,590,454.6,451,3.6,1.65996,72,2,0.0705882352941176
SR,2023-10-11,7.435,2.42381,638,2.07,4.02,rising,14:16:30,620,460,451,9,4.1499,72,2,0.0705882352941176
SR,2023-10-11,7.9183,2.5813658,638,2.07,4.02,rising,14:16:50,640,470,451,19,8.7609,72,2,0.0705882352941176
SR,2023-10-11,3.8439,1.2531114,638,2.07,4.02,rising,14:17:10,660,483.3,451,32.3,14.89353,72,2,0.0705882352941176
SR,2023-10-11,9.1216,2.9736416,638,2.07,4.02,rising,14:17:30,680,500,451,49,22.5939,72,2,0.0705882352941176
SR,2023-10-11,8.9116,2.9051816,638,2.07,4.02,rising,14:17:50,700,526,451,75,34.5825,72,2,0.0705882352941176
SR,2023-10-11,68.5455,22.345833,638,2.07,4.02,rising,14:18:10,720,547,451,96,44.2656,72,2,0.0705882352941176
SR,2023-10-11,9.5975,3.128785,638,2.07,4.02,rising,14:18:30,740,565,451,114,52.5654,72,2,0.0705882352941176
SR,2023-10-11,7.2888,2.3761488,638,2.07,4.02,rising,14:18:50,760,596,451,145,66.8595,72,2,0.0705882352941176
SR,2023-10-11,NA,NA,638,2.07,4.02,rising,14:19:10,780,620,451,169,77.9259,72,2,0.0705882352941176
SR,2023-10-11,9.1075,2.969045,638,2.07,4.02,rising,14:19:30,800,644,451,193,88.9923,72,2,0.0705882352941176
SR,2023-10-11,12.8183,4.1787658,638,2.07,4.02,rising,14:19:50,820,673,451,222,102.3642,72,2,0.0705882352941176
SR,2023-10-11,12.8786,4.1984236,638,2.07,4.02,rising,14:20:10,840,695,451,244,112.5084,72,2,0.0705882352941176
SR,2023-10-11,70.4884,22.9792184,638,2.07,4.02,rising,14:20:30,860,707,451,256,118.0416,72,2,0.0705882352941176
SR,2023-10-11,11.0334,3.5968884,638,2.07,4.02,rising,14:20:50,880,735,451,284,130.9524,72,2,0.0705882352941176
SR,2023-10-11,23.4987,7.6605762,638,2.07,4.02,rising,14:21:10,900,743,451,292,134.6412,72,2,0.0705882352941176
SR,2023-10-11,16.8182,5.4827332,638,2.07,4.02,rising,14:21:30,920,760,451,309,142.4799,72,2,0.0705882352941176
SR,2023-10-11,14.9918,4.8873268,638,2.07,4.02,rising,14:21:50,940,768,451,317,146.1687,72,2,0.0705882352941176
SR,2023-10-11,19.6312,6.3997712,638,2.07,4.02,rising,14:22:10,960,773,451,322,148.4742,72,2,0.0705882352941176
SR,2023-10-11,17.5373,5.7171598,638,2.07,4.02,rising,14:22:40,990,778,451,327,150.7797,72,2,0.0705882352941176
SR,2023-10-11,18.345,5.98047,638,2.07,4.02,rising,14:23:10,1020,779,451,328,151.2408,72,2,0.0705882352941176
SR,2023-10-11,13.1085,4.273371,638,2.07,4.02,falling,14:24:10,1080,767,451,316,145.7076,72,2,0.0705882352941176
SR,2023-10-11,14.7742,4.8163892,638,2.07,4.02,falling,14:25:10,1140,746,451,295,136.0245,72,2,0.0705882352941176
SR,2023-10-11,72.9713,23.7886438,638,2.07,4.02,falling,14:25:30,1160,736,451,285,131.4135,72,2,0.0705882352941176
SR,2023-10-11,26.2275,8.550165,638,2.07,4.02,falling,14:26:00,1190,722,451,271,124.9581,72,2,0.0705882352941176
SR,2023-10-11,22.5668,7.3567768,638,2.07,4.02,falling,14:26:30,1220,704,451,253,116.6583,72,2,0.0705882352941176
SR,2023-10-11,14.4061,4.6963886,638,2.07,4.02,falling,14:27:00,1250,693,451,242,111.5862,72,2,0.0705882352941176
SR,2023-10-11,4.3394,1.4146444,638,2.07,4.02,falling,14:49:30,2600,455.4,451,4.4,2.02884,72,2,0.0705882352941176
RS,2023-10-11,3.96,4.275653,10448,484,924,release,10:40:40,0,368.4,368.4,0,0,408,6.96,0.235838150289017
RS,2023-10-11,0.91,2.5093198,10448,484,924,release,10:41:40,60,368.4,368.4,0,0,408,6.96,0.235838150289017
RS,2023-10-11,2.94,2.726175,10448,484,924,rising,11:02:25,1305,369.7,368.4,1.3,0.59943,408,6.96,0.235838150289017
RS,2023-10-11,0.78,22.4440894,10448,484,924,rising,11:03:25,1365,370.5,368.4,2.1,0.96831,408,6.96,0.235838150289017
RS,2023-10-11,27.31,118.9483046,10448,484,924,rising,11:04:15,1415,373.2,368.4,4.8,2.21328,408,6.96,0.235838150289017
RS,2023-10-11,31.05,4.1966306,10448,484,924,rising,11:04:55,1455,376.5,368.4,8.1,3.73491,408,6.96,0.235838150289017
RS,2023-10-11,59.86,4.9949068,10448,484,924,rising,11:05:40,1500,380.4,368.4,12,5.5332,408,6.96,0.235838150289017
RS,2023-10-11,52,6.9062448,10448,484,924,rising,11:06:20,1540,379.2,368.4,10.8,4.97988,408,6.96,0.235838150289017
RS,2023-10-11,63.3,6.529128,10448,484,924,rising,11:06:40,1560,385.2,368.4,16.8,7.74648,408,6.96,0.235838150289017
RS,2023-10-11,80.63,8.3068712,10448,484,924,rising,11:07:10,1590,384,368.4,15.6,7.19316,408,6.96,0.235838150289017
RS,2023-10-11,100.29,6.7134484,10448,484,924,rising,11:07:30,1610,387,368.4,18.6,8.57646,408,6.96,0.235838150289017
RS,2023-10-11,114.02,9.2184324,10448,484,924,rising,11:08:30,1670,387.3,368.4,18.9,8.71479,408,6.96,0.235838150289017
RS,2023-10-11,113.02,10.1706132,10448,484,924,rising,11:09:30,1730,387.8,368.4,19.4,8.94534,408,6.96,0.235838150289017
RS,2023-10-11,124.66,8.5287142,10448,484,924,falling,11:12:30,1910,386.4,368.4,18,8.2998,408,6.96,0.235838150289017
RS,2023-10-11,94.59,8.9352362,10448,484,924,falling,11:13:40,1980,384.6,368.4,16.2,7.46982,408,6.96,0.235838150289017
RS,2023-10-11,60.51,39.8348854,10448,484,924,falling,11:15:40,2100,384.8,368.4,16.4,7.56204,408,6.96,0.235838150289017
RS,2023-10-11,60.42,8.9678362,10448,484,924,falling,11:17:40,2220,380,368.4,11.6,5.34876,408,6.96,0.235838150289017
RS,2023-10-11,35.54,6.7274012,10448,484,924,falling,11:19:40,2340,379.4,368.4,11,5.0721,408,6.96,0.235838150289017
RS,2023-10-11,NA,NA,10448,484,924,falling,11:22:40,2520,374.8,368.4,6.4,2.95104,408,6.96,0.235838150289017
RS,2023-10-11,28.8,4.4037058,10448,484,924,falling,11:25:40,2700,373,368.4,4.6,2.12106,408,6.96,0.235838150289017
RS,2023-10-11,21.27,1.7637252,10448,484,924,falling,11:28:40,2880,371.8,368.4,3.4,1.56774,408,6.96,0.235838150289017
RS,2023-10-11,12.07,3.4052982,10448,484,924,falling,11:32:40,3120,370.3,368.4,1.9,0.87609,408,6.96,0.235838150289017
RS,2023-10-11,-0.23,3.031963,10448,484,924,falling,11:40:40,3600,369.4,368.4,1,0.4611,408,6.96,0.235838150289017
CB,2023-09-07,33.0323,5.73,7632,195,355,release,13:58:00,0,365.1,365,0.1,0,162,7.65,0.0854881266490765
CB,2023-09-07,56.8825,7.81,7632,195,355,rising,14:19:35,1295,366.9,365,1.9,0.87609,162,7.65,0.0854881266490765
CB,2023-09-07,63.7144,8.42,7632,195,355,rising,14:21:35,1415,373.6,365,8.6,3.96546,162,7.65,0.0854881266490765
CB,2023-09-07,95.4732,18.27,7632,195,355,rising,14:23:15,1515,385.7,365,20.7,9.54477,162,7.65,0.0854881266490765
CB,2023-09-07,124.4503,27.76,7632,195,355,rising,14:23:35,1535,393.4,365,28.4,13.09524,162,7.65,0.0854881266490765
CB,2023-09-07,146.722,30.47,7632,195,355,rising,14:26:35,1715,400.8,365,35.8,16.50738,162,7.65,0.0854881266490765
CB,2023-09-07,153.5383,37.74,7632,195,355,rising,14:28:35,1835,401.9,365,36.9,17.01459,162,7.65,0.0854881266490765
CB,2023-09-07,143.8291,30.3,7632,195,355,falling,14:31:35,2015,397.8,365,32.8,15.12408,162,7.65,0.0854881266490765
CB,2023-09-07,117.5125,24.82,7632,195,355,falling,14:35:00,2220,391,365,26,11.9886,162,7.65,0.0854881266490765
CB,2023-09-07,102.6801,217.73,7632,195,355,falling,14:39:00,2460,383.9,365,18.9,8.71479,162,7.65,0.0854881266490765
CB,2023-09-07,73.7016,620.51,7632,195,355,falling,14:45:00,2820,375.8,365,10.8,4.97988,162,7.65,0.0854881266490765
CB,2023-09-07,47.705,635.41,7632,195,355,falling,14:53:00,3300,369.9,365,4.9,2.25939,162,7.65,0.0854881266490765
CB,2023-09-07,39.6919,45,7632,195,355,falling,14:59:00,3660,366.7,365,1.7,0.78387,162,7.65,0.0854881266490765
CB,2023-09-07,NA,157.31,7632,195,355,falling,15:06:00,4080,366.7,365,1.7,0.78387,162,7.65,0.0854881266490765
